EmployeeID,Gender,Department,JobRole,HireDate,FTE,IsBadHire,ExitDate,EmploymentStatus,TenureYears
1001,Male,Operations,Associate,2016-12-04,1.0,No,,Active,8.1
1002,Female,HR,Engineer,2022-09-09,1.0,No,,Active,2.3
1003,Male,Finance,Manager,2021-12-21,1.0,Yes,,Active,3.0
1004,Male,HR,Analyst,2024-09-06,1.0,Yes,,Active,0.3
1005,Male,Operations,Manager,2019-09-11,0.5,No,,Active,5.3
1006,Female,Operations,Analyst,2020-05-26,1.0,No,,Active,4.6
1007,Male,Sales,Analyst,2023-04-10,1.0,No,,Active,1.7
1008,Male,Operations,Manager,2015-03-23,1.0,No,2018-01-15,Terminated,9.8
1009,Male,Sales,Associate,2016-08-26,0.75,No,2021-05-17,Terminated,8.4
1010,Female,Finance,Analyst,2020-05-24,1.0,Yes,,Active,4.6
1011,Male,HR,Manager,2019-09-07,0.5,No,,Active,5.3
1012,Male,HR,Analyst,2020-08-08,1.0,No,2024-03-09,Terminated,4.4
1013,Male,Sales,Executive,2022-09-20,1.0,No,,Active,2.3
1014,Male,HR,Associate,2017-06-21,0.75,No,,Active,7.5
1015,Female,Operations,Engineer,2015-12-31,1.0,No,2021-02-24,Terminated,9.0
1016,Male,IT,Analyst,2015-06-12,1.0,No,,Active,9.6
1017,Female,Sales,Executive,2023-07-17,1.0,No,2029-07-06,Terminated,1.5
1018,Female,HR,Engineer,2022-01-02,1.0,No,2023-04-03,Terminated,3.0
1019,Female,Sales,Engineer,2024-04-23,0.75,No,,Active,0.7
1020,Male,Sales,Analyst,2020-02-07,0.75,No,,Active,4.9
1021,Female,IT,Manager,2015-04-26,1.0,No,,Active,9.7
1022,Male,Operations,Analyst,2023-03-08,1.0,No,,Active,1.8
1023,Female,Sales,Executive,2021-07-12,0.5,No,,Active,3.5
1024,Female,HR,Engineer,2017-05-30,1.0,No,,Active,7.6
1025,Female,Finance,Analyst,2022-08-16,1.0,No,,Active,2.4
1026,Female,Sales,Manager,2017-04-19,1.0,No,,Active,7.7
1027,Female,Sales,Analyst,2021-01-03,1.0,Yes,,Active,4.0
1028,Female,IT,Associate,2024-12-25,1.0,No,,Active,0.0
1029,Female,Operations,Manager,2018-09-08,1.0,No,,Active,6.3
1030,Female,Finance,Executive,2021-10-26,1.0,Yes,,Active,3.2
1031,Male,HR,Engineer,2022-11-24,1.0,No,2028-05-02,Terminated,2.1
1032,Male,Finance,Analyst,2017-11-02,0.5,Yes,2024-06-13,Terminated,7.2
1033,Female,HR,Manager,2017-07-31,0.75,No,,Active,7.4
1034,Female,Operations,Associate,2024-10-05,1.0,No,2030-07-25,Terminated,0.2
1035,Female,HR,Manager,2019-09-21,1.0,No,,Active,5.3
1036,Male,IT,Associate,2021-05-23,1.0,Yes,,Active,3.6
1037,Female,IT,Executive,2022-07-30,1.0,No,,Active,2.4
1038,Male,IT,Engineer,2018-02-11,1.0,No,,Active,6.9
1039,Male,IT,Executive,2021-12-02,1.0,No,2028-04-21,Terminated,3.1
1040,Male,Finance,Analyst,2015-01-22,1.0,No,,Active,9.9
1041,Male,Operations,Manager,2024-05-13,1.0,No,,Active,0.6
1042,Male,HR,Associate,2019-10-16,1.0,Yes,,Active,5.2
1043,Female,HR,Associate,2016-11-13,1.0,No,,Active,8.1
1044,Female,IT,Manager,2024-12-16,0.75,Yes,,Active,0.0
1045,Female,IT,Manager,2023-02-01,1.0,No,,Active,1.9
1046,Female,Sales,Analyst,2020-01-08,1.0,No,,Active,5.0
1047,Female,Operations,Executive,2021-06-25,1.0,No,,Active,3.5
1048,Male,Finance,Associate,2015-05-06,1.0,Yes,,Active,9.7
1049,Female,HR,Analyst,2015-10-04,1.0,No,,Active,9.2
1050,Female,Sales,Executive,2020-06-22,0.75,No,,Active,4.5
1051,Male,Sales,Analyst,2018-05-12,1.0,Yes,,Active,6.6
1052,Female,HR,Associate,2021-02-19,1.0,No,,Active,3.9
1053,Male,Finance,Manager,2024-11-27,0.75,No,,Active,0.1
1054,Female,Sales,Manager,2016-11-26,0.75,No,,Active,8.1
1055,Male,Sales,Executive,2018-08-02,1.0,Yes,,Active,6.4
1056,Female,Operations,Engineer,2015-02-26,0.75,No,2017-02-20,Terminated,9.9
1057,Female,Finance,Executive,2024-03-28,0.75,No,,Active,0.8
1058,Male,Sales,Engineer,2023-11-09,0.75,No,,Active,1.1
1059,Male,Finance,Analyst,2015-01-19,1.0,No,2015-11-04,Terminated,10.0
1060,Male,HR,Analyst,2024-06-03,1.0,No,,Active,0.6
1061,Male,IT,Associate,2021-04-30,1.0,No,,Active,3.7
1062,Male,Sales,Engineer,2022-10-12,1.0,No,,Active,2.2
1063,Male,Operations,Associate,2015-04-23,1.0,No,,Active,9.7
1064,Male,HR,Manager,2024-09-29,1.0,No,,Active,0.3
1065,Male,Finance,Engineer,2024-04-21,1.0,No,2026-04-15,Terminated,0.7
1066,Female,HR,Executive,2016-06-25,1.0,No,,Active,8.5
1067,Female,Sales,Manager,2022-05-18,1.0,No,,Active,2.6
1068,Male,Finance,Manager,2016-08-01,1.0,No,2019-02-09,Terminated,8.4
1069,Female,IT,Executive,2017-12-24,0.75,No,2022-01-01,Terminated,7.0
1070,Female,HR,Manager,2024-03-17,1.0,Yes,,Active,0.8
1071,Female,Sales,Engineer,2015-01-25,1.0,No,,Active,9.9
1072,Female,Operations,Associate,2019-04-22,1.0,No,2024-12-06,Terminated,5.7
1073,Male,Finance,Manager,2020-08-10,0.5,No,,Active,4.4
1074,Female,HR,Engineer,2023-02-06,1.0,No,,Active,1.9
1075,Male,HR,Analyst,2019-04-22,1.0,No,2022-10-11,Terminated,5.7
1076,Female,IT,Engineer,2015-05-21,1.0,No,,Active,9.6
1077,Female,IT,Associate,2019-11-03,1.0,Yes,,Active,5.2
1078,Female,Operations,Engineer,2016-10-09,1.0,No,,Active,8.2
1079,Male,Operations,Executive,2021-02-13,1.0,No,,Active,3.9
1080,Female,Sales,Associate,2023-10-05,1.0,No,,Active,1.2
1081,Male,Sales,Analyst,2015-07-20,0.75,No,,Active,9.5
1082,Female,Operations,Executive,2023-10-04,1.0,No,,Active,1.2
1083,Male,Operations,Engineer,2015-09-14,1.0,No,,Active,9.3
1084,Female,Finance,Associate,2016-06-30,1.0,No,,Active,8.5
1085,Male,IT,Analyst,2021-02-19,1.0,No,,Active,3.9
1086,Male,Sales,Executive,2022-07-13,1.0,Yes,,Active,2.5
1087,Female,IT,Analyst,2023-09-11,1.0,No,,Active,1.3
1088,Male,IT,Engineer,2024-11-15,1.0,No,,Active,0.1
1089,Female,Operations,Analyst,2024-02-19,1.0,No,,Active,0.9
1090,Female,Finance,Manager,2017-03-12,1.0,Yes,,Active,7.8
1091,Female,HR,Executive,2017-07-30,1.0,No,,Active,7.4
1092,Female,Finance,Analyst,2024-06-17,0.75,No,,Active,0.5
1093,Female,Finance,Engineer,2024-02-14,1.0,No,,Active,0.9
1094,Female,IT,Engineer,2016-02-18,1.0,Yes,2017-07-14,Terminated,8.9
1095,Female,Finance,Analyst,2020-07-07,1.0,No,,Active,4.5
1096,Female,Sales,Engineer,2018-10-13,1.0,No,,Active,6.2
1097,Female,IT,Associate,2018-01-03,1.0,No,,Active,7.0
1098,Female,Sales,Associate,2024-05-19,1.0,No,,Active,0.6
1099,Female,HR,Associate,2017-06-28,1.0,No,2022-03-10,Terminated,7.5
1100,Male,IT,Manager,2015-07-07,0.75,No,,Active,9.5
1101,Male,HR,Analyst,2020-07-08,0.75,No,,Active,4.5
1102,Female,IT,Manager,2018-08-06,0.75,No,,Active,6.4
1103,Female,Operations,Engineer,2020-09-23,1.0,No,,Active,4.3
1104,Female,Finance,Manager,2024-12-23,1.0,No,,Active,0.0
1105,Female,Operations,Engineer,2020-10-31,1.0,No,,Active,4.2
1106,Female,HR,Engineer,2018-02-20,1.0,No,,Active,6.9
1107,Female,Finance,Executive,2015-12-24,1.0,No,,Active,9.0
1108,Female,IT,Associate,2019-04-01,0.5,Yes,2022-11-27,Terminated,5.8
1109,Female,Finance,Engineer,2017-12-25,1.0,No,2020-02-04,Terminated,7.0
1110,Male,Sales,Executive,2023-03-03,1.0,No,,Active,1.8
1111,Female,Finance,Associate,2019-08-08,0.5,No,,Active,5.4
1112,Male,Sales,Engineer,2021-08-19,0.75,Yes,,Active,3.4
1113,Female,Finance,Engineer,2015-06-11,0.75,No,,Active,9.6
1114,Female,Sales,Manager,2024-06-13,0.5,No,2027-01-31,Terminated,0.6
1115,Male,HR,Manager,2024-05-22,1.0,No,,Active,0.6
1116,Female,Operations,Associate,2023-12-04,0.75,No,,Active,1.1
1117,Male,IT,Engineer,2021-06-27,1.0,No,2023-06-16,Terminated,3.5
1118,Female,Finance,Analyst,2016-03-25,1.0,No,,Active,8.8
1119,Female,Operations,Manager,2019-02-06,1.0,Yes,2023-11-10,Terminated,5.9
1120,Male,IT,Associate,2017-11-02,1.0,No,2022-06-28,Terminated,7.2
1121,Female,IT,Engineer,2021-02-09,1.0,No,,Active,3.9
1122,Male,Sales,Engineer,2020-11-28,1.0,No,,Active,4.1
1123,Female,HR,Analyst,2020-05-04,1.0,Yes,2022-07-11,Terminated,4.7
1124,Male,HR,Associate,2021-12-30,0.75,No,2027-07-05,Terminated,3.0
1125,Male,Operations,Engineer,2018-08-06,1.0,No,,Active,6.4
1126,Female,HR,Manager,2021-05-31,0.5,No,2024-08-14,Terminated,3.6
1127,Female,Finance,Analyst,2024-08-23,1.0,No,,Active,0.4
1128,Male,HR,Associate,2023-01-30,0.5,No,,Active,1.9
1129,Female,Operations,Analyst,2018-05-23,1.0,No,2024-10-04,Terminated,6.6
1130,Female,HR,Manager,2017-08-31,1.0,Yes,,Active,7.3
1131,Female,Finance,Associate,2016-09-23,1.0,No,2023-03-01,Terminated,8.3
1132,Male,Sales,Analyst,2019-05-10,1.0,Yes,,Active,5.6
1133,Male,Operations,Executive,2017-11-16,1.0,Yes,,Active,7.1
1134,Male,Sales,Manager,2022-08-12,0.5,No,,Active,2.4
1135,Male,Sales,Manager,2024-01-16,1.0,Yes,,Active,1.0
1136,Male,Sales,Manager,2019-05-08,1.0,Yes,,Active,5.7
1137,Male,IT,Executive,2021-06-26,1.0,No,,Active,3.5
1138,Male,IT,Executive,2023-02-08,1.0,No,,Active,1.9
1139,Male,Sales,Engineer,2024-01-18,1.0,Yes,,Active,1.0
1140,Male,Operations,Analyst,2019-08-21,1.0,No,,Active,5.4
1141,Female,Finance,Engineer,2016-03-12,1.0,No,,Active,8.8
1142,Male,Finance,Analyst,2022-09-29,0.5,No,,Active,2.3
1143,Female,HR,Executive,2019-04-06,0.75,No,,Active,5.7
1144,Female,Operations,Executive,2024-07-06,0.5,Yes,,Active,0.5
1145,Female,IT,Engineer,2017-12-12,1.0,No,,Active,7.1
1146,Male,Sales,Associate,2024-04-07,1.0,No,,Active,0.7
1147,Male,HR,Engineer,2018-07-28,1.0,No,,Active,6.4
1148,Male,Finance,Analyst,2022-08-05,1.0,No,,Active,2.4
1149,Male,IT,Engineer,2020-09-09,1.0,No,,Active,4.3
1150,Female,IT,Manager,2021-07-12,1.0,No,2026-06-12,Terminated,3.5
1151,Male,Sales,Analyst,2015-07-02,1.0,No,,Active,9.5
1152,Male,Finance,Analyst,2023-06-22,0.5,No,,Active,1.5
1153,Male,Operations,Associate,2022-02-04,0.75,No,,Active,2.9
1154,Male,IT,Executive,2019-01-09,1.0,No,,Active,6.0
1155,Male,Sales,Analyst,2023-08-12,1.0,No,,Active,1.4
1156,Female,Operations,Executive,2023-06-09,1.0,No,,Active,1.6
1157,Male,Finance,Engineer,2024-09-25,1.0,No,,Active,0.3
1158,Female,IT,Manager,2019-01-19,1.0,No,,Active,6.0
1159,Male,Operations,Associate,2019-05-09,0.75,No,,Active,5.7
1160,Female,Operations,Executive,2019-05-07,0.75,Yes,,Active,5.7
1161,Male,Operations,Analyst,2016-10-21,1.0,No,,Active,8.2
1162,Male,IT,Executive,2015-06-09,1.0,No,,Active,9.6
1163,Female,IT,Analyst,2023-06-13,1.0,No,,Active,1.6
1164,Female,HR,Executive,2023-11-24,1.0,No,,Active,1.1
1165,Female,Finance,Analyst,2021-09-25,1.0,No,,Active,3.3
1166,Male,Sales,Engineer,2017-10-08,1.0,No,,Active,7.2
1167,Female,Operations,Analyst,2015-02-22,1.0,Yes,,Active,9.9
1168,Male,HR,Analyst,2021-09-21,1.0,No,,Active,3.3
1169,Male,Sales,Manager,2022-12-04,1.0,No,,Active,2.1
1170,Female,HR,Analyst,2017-11-11,1.0,No,,Active,7.1
1171,Female,IT,Manager,2017-11-19,1.0,No,,Active,7.1
1172,Male,Operations,Associate,2022-07-13,0.75,No,,Active,2.5
1173,Male,Sales,Manager,2021-04-26,1.0,No,,Active,3.7
1174,Female,Sales,Engineer,2018-05-13,1.0,No,2023-01-05,Terminated,6.6
1175,Female,Sales,Manager,2023-07-28,1.0,No,,Active,1.4
1176,Female,Sales,Associate,2019-02-03,1.0,No,,Active,5.9
1177,Male,Sales,Engineer,2022-09-24,1.0,No,2024-08-25,Terminated,2.3
1178,Male,HR,Executive,2019-01-29,1.0,No,,Active,5.9
1179,Male,Operations,Executive,2017-11-01,1.0,No,,Active,7.2
1180,Male,IT,Manager,2020-05-04,0.75,No,,Active,4.7
1181,Male,IT,Manager,2024-03-15,1.0,No,,Active,0.8
1182,Male,IT,Associate,2017-04-29,1.0,Yes,,Active,7.7
1183,Female,IT,Associate,2015-12-20,1.0,No,,Active,9.0
1184,Male,HR,Analyst,2018-01-03,1.0,No,,Active,7.0
1185,Male,Finance,Associate,2022-12-30,1.0,Yes,,Active,2.0
1186,Male,Operations,Analyst,2019-10-06,1.0,No,2022-10-06,Terminated,5.2
1187,Female,Sales,Engineer,2024-12-11,1.0,No,2027-05-26,Terminated,0.1
1188,Male,Finance,Manager,2019-01-04,1.0,Yes,,Active,6.0
1189,Male,IT,Engineer,2017-09-17,0.75,Yes,,Active,7.3
1190,Female,Finance,Associate,2018-06-18,1.0,Yes,,Active,6.5
1191,Male,Operations,Engineer,2023-05-24,1.0,No,2029-03-09,Terminated,1.6
1192,Male,Sales,Engineer,2020-02-28,1.0,Yes,,Active,4.8
1193,Male,Sales,Engineer,2023-10-31,0.75,No,,Active,1.2
1194,Male,Operations,Associate,2019-12-15,1.0,No,,Active,5.0
1195,Male,Operations,Engineer,2023-09-03,1.0,No,,Active,1.3
1196,Female,IT,Analyst,2021-05-30,0.5,No,,Active,3.6
1197,Female,Sales,Associate,2021-03-06,1.0,Yes,,Active,3.8
1198,Female,Finance,Engineer,2024-05-07,1.0,No,,Active,0.7
1199,Male,HR,Associate,2018-01-16,1.0,No,,Active,7.0
1200,Male,HR,Executive,2017-03-28,1.0,No,,Active,7.8
1201,Male,Operations,Analyst,2019-12-05,1.0,No,,Active,5.1
1202,Female,IT,Engineer,2020-05-14,1.0,No,2022-05-23,Terminated,4.6
1203,Male,HR,Executive,2021-09-03,1.0,Yes,2024-10-25,Terminated,3.3
1204,Male,Sales,Executive,2021-06-30,0.75,No,2024-12-08,Terminated,3.5
1205,Female,Operations,Associate,2023-03-07,0.75,No,2026-02-08,Terminated,1.8
1206,Male,Finance,Executive,2017-06-07,1.0,No,,Active,7.6
1207,Female,Operations,Analyst,2020-01-30,0.75,No,,Active,4.9
1208,Female,Finance,Analyst,2018-03-26,1.0,No,,Active,6.8
1209,Female,Operations,Manager,2016-10-29,1.0,No,2019-06-28,Terminated,8.2
1210,Male,Operations,Analyst,2016-09-24,1.0,Yes,,Active,8.3
1211,Male,Operations,Executive,2022-03-09,1.0,No,,Active,2.8
1212,Male,Finance,Analyst,2019-07-01,1.0,No,,Active,5.5
1213,Male,Finance,Associate,2015-05-17,1.0,No,,Active,9.6
1214,Male,Operations,Manager,2020-04-30,1.0,No,,Active,4.7
1215,Male,HR,Executive,2019-08-25,0.75,No,,Active,5.4
1216,Male,IT,Manager,2016-03-03,1.0,No,,Active,8.8
1217,Female,IT,Executive,2019-01-15,1.0,Yes,,Active,6.0
1218,Male,IT,Associate,2022-04-13,1.0,No,,Active,2.7
1219,Female,Finance,Manager,2023-02-06,1.0,No,,Active,1.9
1220,Male,Finance,Engineer,2017-03-29,0.5,No,2024-01-24,Terminated,7.8
1221,Male,HR,Executive,2020-12-28,1.0,No,,Active,4.0
1222,Male,IT,Engineer,2018-01-11,1.0,Yes,,Active,7.0
1223,Female,IT,Manager,2021-02-02,1.0,No,,Active,3.9
1224,Female,Operations,Engineer,2015-07-17,1.0,No,,Active,9.5
1225,Female,Finance,Engineer,2022-04-25,1.0,No,,Active,2.7
1226,Female,IT,Manager,2024-12-18,1.0,No,,Active,0.0
1227,Male,HR,Associate,2020-06-18,1.0,No,,Active,4.5
1228,Female,HR,Engineer,2022-07-01,1.0,No,,Active,2.5
1229,Male,IT,Engineer,2024-07-24,1.0,No,,Active,0.4
1230,Male,Finance,Associate,2021-09-14,0.5,Yes,,Active,3.3
1231,Female,HR,Engineer,2016-04-15,1.0,No,,Active,8.7
1232,Female,Operations,Engineer,2021-03-15,1.0,No,,Active,3.8
1233,Female,HR,Engineer,2020-05-02,1.0,Yes,,Active,4.7
1234,Female,Sales,Analyst,2017-07-17,1.0,No,2020-09-20,Terminated,7.5
1235,Female,Sales,Associate,2020-07-03,1.0,No,,Active,4.5
1236,Female,Finance,Engineer,2022-05-03,1.0,No,,Active,2.7
1237,Female,IT,Associate,2023-03-18,1.0,No,,Active,1.8
1238,Female,Finance,Executive,2017-06-24,1.0,Yes,,Active,7.5
1239,Male,Finance,Executive,2021-01-31,0.5,No,,Active,3.9
1240,Female,Finance,Engineer,2015-01-23,0.5,No,,Active,9.9
1241,Female,Finance,Associate,2015-08-23,1.0,No,,Active,9.4
1242,Male,Operations,Associate,2023-06-12,0.5,No,,Active,1.6
1243,Female,Operations,Associate,2018-01-29,0.5,No,,Active,6.9
1244,Male,HR,Analyst,2017-07-17,1.0,No,,Active,7.5
1245,Male,Sales,Executive,2024-11-16,1.0,No,,Active,0.1
1246,Female,Finance,Associate,2016-06-06,1.0,No,,Active,8.6
1247,Male,HR,Associate,2019-12-14,0.75,Yes,2022-08-21,Terminated,5.1
1248,Male,Sales,Analyst,2024-08-24,1.0,No,,Active,0.4
1249,Male,IT,Analyst,2016-03-06,0.5,No,,Active,8.8
1250,Male,Operations,Associate,2017-03-03,1.0,Yes,,Active,7.8
1251,Female,Sales,Manager,2019-06-18,1.0,No,,Active,5.5
1252,Male,IT,Associate,2019-10-03,1.0,No,,Active,5.2
1253,Female,Sales,Associate,2016-06-16,1.0,No,,Active,8.5
1254,Male,Operations,Analyst,2023-04-15,0.5,No,,Active,1.7
1255,Male,Operations,Analyst,2019-10-13,1.0,Yes,,Active,5.2
1256,Male,HR,Associate,2019-08-03,1.0,No,2020-03-12,Terminated,5.4
1257,Male,Finance,Associate,2018-08-09,1.0,Yes,,Active,6.4
1258,Female,Sales,Associate,2022-10-28,0.75,No,,Active,2.2
1259,Female,Sales,Analyst,2017-07-01,1.0,Yes,2022-05-25,Terminated,7.5
1260,Male,IT,Associate,2018-01-29,1.0,No,,Active,6.9
1261,Male,Operations,Associate,2019-03-06,1.0,No,,Active,5.8
1262,Female,Sales,Engineer,2018-08-20,1.0,No,,Active,6.4
1263,Male,Operations,Manager,2022-12-28,1.0,No,2028-05-07,Terminated,2.0
1264,Male,Sales,Executive,2022-01-31,1.0,No,,Active,2.9
1265,Male,HR,Manager,2017-10-20,1.0,No,,Active,7.2
1266,Female,Finance,Engineer,2019-04-26,1.0,No,,Active,5.7
1267,Female,Sales,Executive,2018-10-10,1.0,No,,Active,6.2
1268,Female,Operations,Associate,2024-03-28,1.0,No,,Active,0.8
1269,Male,HR,Engineer,2019-02-28,1.0,Yes,,Active,5.8
1270,Male,Sales,Associate,2019-08-09,1.0,No,,Active,5.4
1271,Female,IT,Analyst,2020-06-20,1.0,No,,Active,4.5
1272,Female,Finance,Engineer,2015-08-15,1.0,No,,Active,9.4
1273,Female,Sales,Analyst,2018-06-13,1.0,No,2019-11-24,Terminated,6.6
1274,Female,HR,Engineer,2017-05-22,1.0,No,2022-03-04,Terminated,7.6
1275,Male,IT,Engineer,2017-06-10,1.0,No,,Active,7.6
1276,Female,HR,Analyst,2019-01-18,1.0,No,,Active,6.0
1277,Male,HR,Executive,2017-11-02,0.75,Yes,,Active,7.2
1278,Female,IT,Manager,2021-03-07,1.0,No,,Active,3.8
1279,Male,HR,Associate,2022-08-20,1.0,No,,Active,2.4
1280,Female,IT,Engineer,2016-02-01,0.5,No,,Active,8.9
1281,Female,Sales,Associate,2018-01-28,1.0,No,2021-08-29,Terminated,6.9
1282,Female,IT,Analyst,2020-09-09,1.0,No,,Active,4.3
1283,Female,IT,Associate,2023-01-24,0.5,No,,Active,1.9
1284,Male,Finance,Analyst,2024-11-08,1.0,No,,Active,0.1
1285,Female,IT,Associate,2016-10-10,1.0,No,,Active,8.2
1286,Male,IT,Manager,2015-11-25,1.0,No,,Active,9.1
1287,Male,Sales,Manager,2023-11-12,1.0,No,,Active,1.1
1288,Male,Finance,Manager,2019-01-22,0.75,No,,Active,5.9
1289,Male,Operations,Manager,2017-08-09,0.5,No,2023-09-15,Terminated,7.4
1290,Female,Sales,Manager,2020-06-28,1.0,No,,Active,4.5
1291,Male,Sales,Manager,2020-07-09,1.0,No,2025-11-20,Terminated,4.5
1292,Male,Operations,Analyst,2023-09-07,1.0,No,,Active,1.3
1293,Male,IT,Engineer,2022-04-22,0.5,No,,Active,2.7
1294,Female,HR,Associate,2020-02-22,1.0,Yes,,Active,4.9
1295,Female,Finance,Manager,2018-04-11,0.5,No,,Active,6.7
1296,Female,HR,Analyst,2019-11-08,0.75,Yes,,Active,5.2
1297,Female,Operations,Analyst,2015-06-11,1.0,No,,Active,9.6
1298,Male,Sales,Analyst,2019-10-18,1.0,No,,Active,5.2
1299,Male,Sales,Engineer,2017-02-14,1.0,No,,Active,7.9
1300,Female,Finance,Associate,2024-02-17,1.0,Yes,,Active,0.9
1301,Male,Sales,Engineer,2020-01-02,1.0,No,,Active,5.0
1302,Male,Sales,Executive,2021-05-10,1.0,No,,Active,3.6
1303,Male,Finance,Analyst,2023-06-02,1.0,No,,Active,1.6
1304,Female,Finance,Executive,2017-11-17,1.0,No,,Active,7.1
1305,Female,Operations,Manager,2021-07-01,1.0,No,2023-08-03,Terminated,3.5
1306,Male,Sales,Manager,2017-07-28,1.0,No,,Active,7.4
1307,Female,Sales,Engineer,2023-10-26,0.5,Yes,,Active,1.2
1308,Female,Operations,Associate,2016-06-23,1.0,No,,Active,8.5
1309,Female,IT,Executive,2021-12-10,0.5,No,,Active,3.1
1310,Female,IT,Associate,2017-04-01,1.0,No,,Active,7.8
1311,Female,IT,Engineer,2019-01-01,1.0,No,2020-09-03,Terminated,6.0
1312,Male,Operations,Manager,2017-12-24,0.5,No,2023-10-06,Terminated,7.0
1313,Female,Sales,Associate,2015-12-22,0.75,Yes,,Active,9.0
1314,Male,Operations,Associate,2024-11-13,1.0,No,,Active,0.1
1315,Male,Operations,Manager,2024-02-06,1.0,No,,Active,0.9
1316,Female,IT,Executive,2015-08-23,0.75,No,,Active,9.4
1317,Male,HR,Manager,2021-03-24,1.0,No,,Active,3.8
1318,Male,Sales,Associate,2019-03-29,1.0,No,,Active,5.8
1319,Male,IT,Executive,2024-04-07,1.0,Yes,,Active,0.7
1320,Female,HR,Executive,2020-09-27,1.0,Yes,2026-12-25,Terminated,4.3
1321,Female,HR,Manager,2015-04-28,1.0,No,,Active,9.7
1322,Male,Finance,Associate,2020-10-02,1.0,Yes,,Active,4.2
1323,Female,Sales,Engineer,2019-08-01,1.0,No,2023-10-07,Terminated,5.4
1324,Female,HR,Associate,2022-02-25,1.0,No,,Active,2.8
1325,Female,IT,Analyst,2017-12-03,0.75,No,2024-06-03,Terminated,7.1
1326,Female,Finance,Engineer,2020-10-01,0.75,No,,Active,4.3
1327,Male,Sales,Executive,2016-07-11,0.75,No,,Active,8.5
1328,Male,Operations,Engineer,2024-11-05,1.0,No,2030-11-24,Terminated,0.2
1329,Female,IT,Executive,2023-09-09,1.0,No,,Active,1.3
1330,Female,HR,Executive,2019-12-21,1.0,No,,Active,5.0
1331,Male,HR,Engineer,2020-06-28,1.0,No,,Active,4.5
1332,Male,IT,Executive,2022-12-25,1.0,No,,Active,2.0
1333,Female,HR,Executive,2016-02-02,0.75,No,,Active,8.9
1334,Male,Finance,Analyst,2023-10-15,1.0,Yes,2027-07-15,Terminated,1.2
1335,Female,Sales,Associate,2016-11-05,1.0,No,2020-07-09,Terminated,8.2
1336,Female,Finance,Associate,2016-01-22,1.0,Yes,2017-05-14,Terminated,8.9
1337,Male,HR,Analyst,2020-11-28,1.0,No,,Active,4.1
1338,Male,Operations,Engineer,2022-04-15,1.0,No,,Active,2.7
1339,Female,Sales,Manager,2020-08-26,1.0,No,,Active,4.4
1340,Female,Sales,Manager,2023-11-28,1.0,No,2029-09-16,Terminated,1.1
1341,Male,IT,Manager,2017-06-02,1.0,No,,Active,7.6
1342,Female,IT,Analyst,2024-11-16,1.0,No,,Active,0.1
1343,Male,Operations,Analyst,2016-06-24,0.75,Yes,,Active,8.5
1344,Female,Sales,Executive,2015-06-20,1.0,No,,Active,9.5
1345,Male,Operations,Manager,2021-09-22,0.5,No,,Active,3.3
1346,Male,IT,Engineer,2017-01-09,1.0,No,2019-09-04,Terminated,8.0
1347,Male,IT,Engineer,2018-11-02,0.5,No,2021-08-27,Terminated,6.2
1348,Female,Sales,Manager,2023-12-04,1.0,Yes,,Active,1.1
1349,Female,Finance,Manager,2022-12-15,1.0,No,,Active,2.0
1350,Male,HR,Manager,2021-03-27,1.0,No,2027-10-27,Terminated,3.8
1351,Female,IT,Analyst,2015-04-29,0.75,No,,Active,9.7
1352,Male,IT,Analyst,2023-11-02,0.75,No,,Active,1.2
1353,Male,Finance,Analyst,2022-10-02,0.5,No,,Active,2.2
1354,Female,Finance,Associate,2021-11-17,0.75,No,,Active,3.1
1355,Female,Operations,Engineer,2020-11-21,0.75,No,,Active,4.1
1356,Male,Operations,Engineer,2022-07-08,1.0,No,,Active,2.5
1357,Female,HR,Executive,2020-06-18,0.75,No,,Active,4.5
1358,Female,HR,Analyst,2024-10-13,0.5,No,,Active,0.2
1359,Male,Sales,Associate,2019-09-02,1.0,No,2023-12-07,Terminated,5.3
1360,Male,Operations,Associate,2019-09-19,1.0,No,,Active,5.3
1361,Female,IT,Engineer,2021-01-31,1.0,Yes,2024-10-19,Terminated,3.9
1362,Male,Operations,Analyst,2022-08-24,1.0,No,,Active,2.4
1363,Male,IT,Executive,2019-08-25,1.0,No,,Active,5.4
1364,Female,Finance,Analyst,2018-12-15,0.75,No,,Active,6.0
1365,Male,Operations,Manager,2023-10-11,1.0,No,2029-08-09,Terminated,1.2
1366,Male,Finance,Analyst,2024-06-24,1.0,No,,Active,0.5
1367,Female,HR,Manager,2019-10-26,0.5,Yes,,Active,5.2
1368,Female,HR,Manager,2019-03-05,1.0,No,,Active,5.8
1369,Male,Sales,Executive,2016-10-26,0.75,No,,Active,8.2
1370,Male,Operations,Engineer,2015-02-02,0.5,No,,Active,9.9
1371,Female,Finance,Analyst,2020-10-03,1.0,No,2023-08-26,Terminated,4.2
1372,Female,IT,Manager,2022-01-10,1.0,Yes,2025-08-20,Terminated,3.0
1373,Female,HR,Analyst,2022-09-04,1.0,No,,Active,2.3
1374,Female,HR,Engineer,2020-08-21,0.75,No,2025-06-13,Terminated,4.4
1375,Male,IT,Engineer,2019-04-01,1.0,No,,Active,5.8
1376,Female,Finance,Associate,2016-12-20,1.0,No,,Active,8.0
1377,Female,Finance,Engineer,2022-02-15,1.0,No,,Active,2.9
1378,Male,Operations,Executive,2021-08-17,1.0,No,,Active,3.4
1379,Female,Operations,Manager,2016-04-28,0.5,No,,Active,8.7
1380,Male,Sales,Associate,2017-08-30,0.75,Yes,2022-08-30,Terminated,7.3
1381,Female,HR,Executive,2024-01-13,1.0,No,,Active,1.0
1382,Female,Operations,Analyst,2022-04-24,1.0,Yes,,Active,2.7
1383,Female,Finance,Manager,2015-11-03,1.0,No,,Active,9.2
1384,Male,IT,Engineer,2016-04-01,1.0,No,2021-12-14,Terminated,8.8
1385,Male,Finance,Manager,2021-01-16,1.0,No,,Active,4.0
1386,Female,HR,Analyst,2015-11-27,0.75,No,,Active,9.1
1387,Male,Finance,Associate,2022-09-24,1.0,No,,Active,2.3
1388,Male,Sales,Associate,2015-08-13,0.75,No,,Active,9.4
1389,Male,HR,Associate,2023-04-19,1.0,No,,Active,1.7
1390,Male,IT,Engineer,2022-08-08,1.0,No,,Active,2.4
1391,Male,Sales,Executive,2024-10-15,1.0,No,,Active,0.2
1392,Male,HR,Executive,2019-01-19,1.0,No,,Active,6.0
1393,Female,IT,Manager,2023-07-14,0.75,No,,Active,1.5
1394,Female,Sales,Engineer,2023-12-30,0.5,No,,Active,1.0
1395,Male,Sales,Associate,2017-12-18,0.75,No,,Active,7.0
1396,Female,HR,Associate,2016-10-05,1.0,Yes,2021-01-14,Terminated,8.2
1397,Female,Operations,Analyst,2016-09-07,1.0,Yes,,Active,8.3
1398,Female,Sales,Analyst,2015-07-14,1.0,No,2016-06-02,Terminated,9.5
1399,Female,Sales,Associate,2016-05-03,0.5,Yes,,Active,8.7
1400,Male,IT,Associate,2021-01-13,1.0,No,,Active,4.0
1401,Female,Finance,Engineer,2022-04-11,1.0,No,,Active,2.7
1402,Female,HR,Executive,2018-06-03,1.0,Yes,2022-03-16,Terminated,6.6
1403,Male,HR,Analyst,2021-09-25,1.0,No,,Active,3.3
1404,Male,Operations,Executive,2023-12-21,1.0,No,,Active,1.0
1405,Female,Operations,Engineer,2018-01-07,1.0,No,2023-08-10,Terminated,7.0
1406,Female,HR,Associate,2018-02-21,0.75,Yes,,Active,6.9
1407,Female,Operations,Executive,2021-11-23,1.0,No,,Active,3.1
1408,Female,IT,Associate,2018-05-26,0.75,No,,Active,6.6
1409,Female,HR,Associate,2016-05-30,1.0,No,,Active,8.6
1410,Female,Operations,Manager,2019-06-14,1.0,No,,Active,5.6
1411,Male,HR,Executive,2018-02-01,1.0,No,,Active,6.9
1412,Female,Finance,Executive,2016-01-28,1.0,No,,Active,8.9
1413,Female,Sales,Associate,2016-09-22,1.0,No,,Active,8.3
1414,Male,HR,Engineer,2020-01-22,1.0,No,2025-08-17,Terminated,4.9
1415,Male,Sales,Manager,2022-04-09,1.0,No,2027-11-15,Terminated,2.7
1416,Male,Operations,Associate,2017-09-06,1.0,No,,Active,7.3
1417,Male,Sales,Analyst,2016-03-09,1.0,No,,Active,8.8
1418,Female,HR,Analyst,2024-04-25,1.0,No,,Active,0.7
1419,Female,Finance,Manager,2023-10-20,1.0,No,,Active,1.2
1420,Female,Operations,Engineer,2022-01-31,1.0,No,,Active,2.9
1421,Female,HR,Associate,2015-10-05,1.0,No,,Active,9.2
1422,Female,Operations,Executive,2015-08-21,1.0,No,,Active,9.4
1423,Female,IT,Manager,2019-04-02,0.75,No,,Active,5.8
1424,Male,Sales,Engineer,2019-05-14,0.75,No,,Active,5.6
1425,Female,IT,Executive,2018-01-18,1.0,Yes,2021-07-19,Terminated,7.0
1426,Male,HR,Analyst,2024-10-03,0.75,No,,Active,0.2
1427,Male,Finance,Analyst,2023-12-15,1.0,Yes,,Active,1.0
1428,Female,Operations,Executive,2021-08-06,1.0,No,,Active,3.4
1429,Male,Sales,Manager,2024-08-13,1.0,Yes,,Active,0.4
1430,Female,Operations,Analyst,2015-01-26,1.0,No,,Active,9.9
1431,Male,HR,Associate,2023-06-24,1.0,No,,Active,1.5
1432,Female,Operations,Executive,2018-11-18,1.0,No,,Active,6.1
1433,Male,Sales,Executive,2021-12-29,1.0,Yes,,Active,3.0
1434,Female,HR,Analyst,2024-03-26,1.0,No,,Active,0.8
1435,Female,Operations,Manager,2024-05-03,1.0,No,,Active,0.7
1436,Female,Finance,Associate,2021-05-03,0.75,No,2024-12-24,Terminated,3.7
1437,Female,HR,Manager,2016-04-05,1.0,Yes,,Active,8.7
1438,Female,HR,Engineer,2021-11-08,1.0,No,,Active,3.1
1439,Male,Finance,Engineer,2024-05-24,1.0,No,2029-08-20,Terminated,0.6
1440,Male,IT,Analyst,2017-12-27,1.0,Yes,,Active,7.0
1441,Male,Sales,Analyst,2017-10-03,1.0,No,,Active,7.2
1442,Female,IT,Analyst,2022-12-20,1.0,No,,Active,2.0
1443,Male,Operations,Engineer,2024-07-15,1.0,No,,Active,0.5
1444,Female,Finance,Manager,2020-06-17,0.5,No,,Active,4.5
1445,Female,IT,Manager,2016-05-05,0.75,No,,Active,8.7
1446,Male,HR,Analyst,2017-12-08,1.0,No,2019-12-25,Terminated,7.1
1447,Male,Operations,Associate,2022-02-24,1.0,No,2027-08-10,Terminated,2.9
1448,Female,Operations,Manager,2023-09-09,1.0,No,,Active,1.3
1449,Male,IT,Engineer,2015-08-04,1.0,No,,Active,9.4
1450,Female,IT,Executive,2024-08-10,1.0,No,,Active,0.4
1451,Female,Finance,Executive,2019-09-20,1.0,No,,Active,5.3
1452,Female,Sales,Executive,2019-05-12,0.5,No,,Active,5.6
1453,Female,IT,Associate,2022-02-19,1.0,No,,Active,2.9
1454,Female,IT,Analyst,2015-06-08,0.75,No,2017-05-18,Terminated,9.6
1455,Male,HR,Engineer,2021-12-11,0.75,No,2028-06-23,Terminated,3.1
1456,Male,Operations,Associate,2016-11-16,1.0,No,,Active,8.1
1457,Female,Sales,Engineer,2024-01-27,0.75,Yes,,Active,0.9
1458,Female,HR,Engineer,2022-10-12,0.75,No,,Active,2.2
1459,Male,Finance,Analyst,2019-11-12,0.75,No,,Active,5.1
1460,Male,Finance,Executive,2020-08-14,1.0,No,,Active,4.4
1461,Female,IT,Analyst,2020-01-18,1.0,No,,Active,5.0
1462,Male,IT,Associate,2021-08-05,1.0,No,,Active,3.4
1463,Female,Finance,Associate,2021-11-11,1.0,No,,Active,3.1
1464,Male,IT,Associate,2021-04-14,1.0,No,,Active,3.7
1465,Female,Sales,Analyst,2019-05-09,1.0,No,,Active,5.7
1466,Male,IT,Engineer,2019-08-24,0.5,No,,Active,5.4
1467,Female,Operations,Engineer,2023-03-13,1.0,No,,Active,1.8
1468,Male,IT,Manager,2021-10-05,1.0,No,,Active,3.2
1469,Male,HR,Associate,2020-04-30,1.0,Yes,2025-02-04,Terminated,4.7
1470,Female,Sales,Engineer,2020-08-24,1.0,No,,Active,4.4
1471,Male,HR,Manager,2022-08-15,1.0,No,,Active,2.4
1472,Female,HR,Engineer,2024-12-23,1.0,No,,Active,0.0
1473,Male,Operations,Associate,2018-02-19,1.0,No,,Active,6.9
1474,Female,Sales,Executive,2021-05-13,1.0,No,,Active,3.6
1475,Male,Sales,Associate,2019-05-01,1.0,No,,Active,5.7
1476,Female,Sales,Analyst,2021-11-05,1.0,No,,Active,3.2
1477,Male,Sales,Engineer,2024-06-23,1.0,No,,Active,0.5
1478,Female,Sales,Engineer,2024-03-19,1.0,No,,Active,0.8
1479,Male,Operations,Analyst,2024-12-24,0.5,No,,Active,0.0
1480,Female,IT,Analyst,2022-03-30,1.0,No,,Active,2.8
1481,Female,HR,Executive,2021-10-29,0.75,No,,Active,3.2
1482,Female,Sales,Engineer,2021-03-07,1.0,No,,Active,3.8
1483,Male,IT,Engineer,2022-07-24,1.0,No,,Active,2.4
1484,Female,IT,Executive,2021-06-07,1.0,No,,Active,3.6
1485,Male,HR,Manager,2020-04-16,0.75,No,2022-08-24,Terminated,4.7
1486,Female,Operations,Executive,2024-01-08,1.0,No,,Active,1.0
1487,Male,Finance,Associate,2019-10-24,0.75,No,2025-12-21,Terminated,5.2
1488,Female,Finance,Engineer,2020-08-12,1.0,No,2024-01-14,Terminated,4.4
1489,Male,IT,Analyst,2017-09-16,1.0,No,,Active,7.3
1490,Male,HR,Associate,2019-03-22,1.0,No,,Active,5.8
1491,Female,Finance,Engineer,2018-01-21,1.0,No,,Active,6.9
1492,Male,IT,Executive,2022-01-11,1.0,No,2024-07-07,Terminated,3.0
1493,Male,Operations,Associate,2024-07-31,0.75,No,,Active,0.4
1494,Female,Finance,Engineer,2016-05-07,1.0,No,,Active,8.7
1495,Male,IT,Manager,2024-01-20,1.0,No,,Active,0.9
1496,Male,IT,Manager,2016-09-11,1.0,No,,Active,8.3
1497,Male,Sales,Analyst,2023-11-07,1.0,No,,Active,1.2
1498,Female,Operations,Engineer,2021-07-06,0.75,No,,Active,3.5
1499,Male,Sales,Manager,2021-07-08,1.0,No,,Active,3.5
1500,Female,HR,Executive,2020-09-28,1.0,No,2025-12-20,Terminated,4.3
1501,Male,Sales,Engineer,2019-03-27,1.0,No,,Active,5.8
1502,Male,Sales,Executive,2017-05-12,0.75,No,,Active,7.6
1503,Male,Finance,Executive,2019-08-19,0.5,No,,Active,5.4
1504,Female,IT,Manager,2024-10-03,1.0,No,,Active,0.2
1505,Male,Operations,Engineer,2019-05-25,1.0,No,,Active,5.6
1506,Male,Sales,Associate,2021-05-08,0.75,No,,Active,3.7
1507,Female,Operations,Manager,2016-08-02,1.0,No,,Active,8.4
1508,Male,Sales,Manager,2020-03-05,1.0,No,,Active,4.8
1509,Female,HR,Engineer,2018-06-29,1.0,No,,Active,6.5
1510,Female,Sales,Engineer,2022-02-20,1.0,No,,Active,2.9
1511,Male,Finance,Executive,2022-07-06,1.0,No,,Active,2.5
1512,Female,IT,Engineer,2020-01-30,1.0,Yes,,Active,4.9
1513,Male,HR,Executive,2023-08-28,1.0,No,,Active,1.3
1514,Female,Sales,Manager,2021-10-29,1.0,No,,Active,3.2
1515,Female,Operations,Analyst,2023-05-23,0.5,No,,Active,1.6
1516,Male,HR,Associate,2018-09-17,0.75,No,,Active,6.3
1517,Female,HR,Manager,2018-03-08,1.0,Yes,2024-09-03,Terminated,6.8
1518,Female,Sales,Engineer,2015-12-23,0.75,No,2018-04-18,Terminated,9.0
1519,Female,HR,Associate,2019-06-13,1.0,No,,Active,5.6
1520,Female,Operations,Analyst,2021-05-10,0.75,No,,Active,3.6
1521,Female,HR,Analyst,2023-06-18,0.5,No,,Active,1.5
1522,Male,Operations,Executive,2020-06-29,1.0,No,,Active,4.5
1523,Female,Sales,Associate,2021-06-16,1.0,No,,Active,3.5
1524,Male,IT,Executive,2017-05-19,1.0,No,2022-04-15,Terminated,7.6
1525,Female,HR,Manager,2017-06-04,0.75,No,,Active,7.6
1526,Male,IT,Associate,2020-06-24,0.75,No,,Active,4.5
1527,Male,Operations,Manager,2021-01-10,1.0,No,,Active,4.0
1528,Female,HR,Executive,2018-11-14,1.0,Yes,,Active,6.1
1529,Female,Finance,Associate,2018-07-07,1.0,No,,Active,6.5
1530,Female,IT,Executive,2016-09-11,1.0,No,,Active,8.3
1531,Male,HR,Associate,2017-06-01,1.0,No,,Active,7.6
1532,Female,IT,Executive,2017-03-07,1.0,No,,Active,7.8
1533,Male,HR,Analyst,2024-12-21,1.0,No,,Active,0.0
1534,Male,Sales,Executive,2020-12-12,1.0,No,,Active,4.1
1535,Male,IT,Analyst,2024-05-18,1.0,Yes,,Active,0.6
1536,Female,Finance,Executive,2018-07-20,1.0,No,,Active,6.5
1537,Female,Finance,Associate,2016-09-10,1.0,No,,Active,8.3
1538,Male,Operations,Associate,2020-01-09,1.0,No,2022-05-18,Terminated,5.0
1539,Male,HR,Associate,2015-09-02,0.75,No,,Active,9.3
1540,Female,IT,Engineer,2022-12-05,0.75,No,,Active,2.1
1541,Male,Operations,Manager,2021-11-02,1.0,No,,Active,3.2
1542,Female,IT,Associate,2017-07-18,1.0,Yes,,Active,7.5
1543,Male,HR,Analyst,2018-06-24,0.5,Yes,,Active,6.5
1544,Female,Finance,Associate,2016-06-03,1.0,No,,Active,8.6
1545,Male,Sales,Engineer,2023-10-18,1.0,No,,Active,1.2
1546,Female,Finance,Analyst,2021-08-06,1.0,No,,Active,3.4
1547,Male,Operations,Engineer,2015-01-08,1.0,Yes,2018-03-05,Terminated,10.0
1548,Female,Sales,Analyst,2021-11-30,1.0,No,2028-03-30,Terminated,3.1
1549,Female,Operations,Executive,2024-05-16,0.75,No,,Active,0.6
1550,Male,HR,Manager,2020-07-12,0.75,No,,Active,4.5
1551,Male,Sales,Manager,2016-05-09,0.75,No,,Active,8.7
1552,Female,Operations,Engineer,2019-06-18,1.0,Yes,,Active,5.5
1553,Male,HR,Manager,2022-11-20,0.75,No,,Active,2.1
1554,Female,Finance,Engineer,2024-07-30,1.0,No,,Active,0.4
1555,Male,HR,Engineer,2017-11-28,1.0,No,2020-08-30,Terminated,7.1
1556,Female,IT,Engineer,2022-03-25,1.0,No,,Active,2.8
1557,Female,HR,Manager,2015-07-06,0.75,No,,Active,9.5
1558,Female,HR,Engineer,2022-09-02,0.5,No,,Active,2.3
1559,Female,IT,Manager,2020-02-21,0.5,No,,Active,4.9
1560,Female,Operations,Engineer,2020-11-10,1.0,No,,Active,4.1
1561,Female,Operations,Associate,2015-03-27,1.0,No,,Active,9.8
1562,Male,HR,Engineer,2023-07-13,0.75,No,2024-10-31,Terminated,1.5
1563,Male,IT,Analyst,2015-05-17,0.75,No,,Active,9.6
1564,Male,IT,Engineer,2021-10-04,0.75,No,,Active,3.2
1565,Female,Finance,Executive,2020-10-22,0.75,No,2024-09-24,Terminated,4.2
1566,Female,Operations,Engineer,2024-11-28,1.0,No,,Active,0.1
1567,Female,Sales,Analyst,2019-06-25,1.0,No,,Active,5.5
1568,Female,Operations,Analyst,2024-10-23,1.0,No,,Active,0.2
1569,Male,Operations,Manager,2023-11-02,1.0,No,,Active,1.2
1570,Male,Finance,Associate,2024-02-09,0.75,No,,Active,0.9
1571,Female,Sales,Engineer,2021-01-27,1.0,No,,Active,3.9
1572,Male,Finance,Manager,2019-10-18,1.0,Yes,2026-03-07,Terminated,5.2
1573,Male,Sales,Associate,2021-01-26,1.0,No,,Active,3.9
1574,Female,HR,Engineer,2019-11-23,1.0,No,,Active,5.1
1575,Male,Sales,Executive,2017-05-21,0.75,Yes,,Active,7.6
1576,Female,Finance,Engineer,2021-06-27,0.75,Yes,,Active,3.5
1577,Male,Operations,Analyst,2024-12-17,0.75,No,,Active,0.0
1578,Female,Sales,Analyst,2021-11-08,1.0,No,,Active,3.1
1579,Female,Sales,Executive,2017-08-01,1.0,No,,Active,7.4
1580,Female,IT,Manager,2019-06-15,1.0,No,,Active,5.6
1581,Female,Operations,Associate,2022-10-08,1.0,No,2027-12-29,Terminated,2.2
1582,Male,HR,Engineer,2022-04-14,1.0,No,,Active,2.7
1583,Female,Finance,Analyst,2023-11-01,1.0,No,,Active,1.2
1584,Female,HR,Manager,2023-01-15,0.75,Yes,2029-01-27,Terminated,2.0
1585,Female,Operations,Executive,2015-12-15,1.0,No,,Active,9.1
1586,Male,Sales,Analyst,2024-08-23,0.75,No,,Active,0.4
1587,Female,Sales,Executive,2019-08-04,1.0,Yes,2020-12-25,Terminated,5.4
1588,Male,Operations,Engineer,2018-04-11,1.0,No,,Active,6.7
1589,Female,Sales,Associate,2015-01-10,0.75,Yes,,Active,10.0
1590,Male,Sales,Analyst,2022-08-19,1.0,No,,Active,2.4
1591,Male,Sales,Analyst,2024-02-19,1.0,No,,Active,0.9
1592,Female,Finance,Engineer,2019-01-01,1.0,No,,Active,6.0
1593,Male,Finance,Manager,2024-02-01,1.0,No,,Active,0.9
1594,Female,IT,Associate,2016-10-28,1.0,No,,Active,8.2
1595,Female,HR,Analyst,2022-02-06,0.5,No,,Active,2.9
1596,Female,Operations,Associate,2019-03-03,0.75,No,,Active,5.8
1597,Male,Operations,Analyst,2020-12-16,0.5,No,,Active,4.0
1598,Male,Operations,Associate,2016-08-23,1.0,No,2020-04-19,Terminated,8.4
1599,Female,IT,Executive,2022-04-06,0.75,No,,Active,2.7
1600,Female,Finance,Analyst,2015-11-23,1.0,No,2021-07-24,Terminated,9.1
1601,Male,IT,Associate,2017-09-06,1.0,No,,Active,7.3
1602,Female,Operations,Manager,2021-09-17,1.0,Yes,,Active,3.3
1603,Female,HR,Executive,2016-09-20,1.0,Yes,,Active,8.3
1604,Female,Sales,Executive,2019-06-18,1.0,No,,Active,5.5
1605,Male,Finance,Manager,2024-05-23,1.0,No,,Active,0.6
1606,Male,Finance,Associate,2022-07-28,0.5,No,,Active,2.4
1607,Male,IT,Engineer,2023-06-16,0.75,Yes,,Active,1.5
1608,Female,Finance,Manager,2015-10-01,1.0,No,,Active,9.3
1609,Female,Operations,Associate,2016-11-15,0.5,No,,Active,8.1
1610,Female,Operations,Manager,2015-04-26,0.5,No,,Active,9.7
1611,Male,IT,Manager,2017-05-10,1.0,No,,Active,7.6
1612,Female,Operations,Analyst,2020-06-26,0.5,No,,Active,4.5
1613,Female,HR,Associate,2016-11-23,1.0,No,,Active,8.1
1614,Female,IT,Engineer,2023-08-29,0.75,No,,Active,1.3
1615,Female,HR,Analyst,2018-01-10,1.0,No,,Active,7.0
1616,Male,Sales,Manager,2021-06-29,1.0,No,2023-01-11,Terminated,3.5
1617,Male,HR,Manager,2023-03-28,1.0,No,,Active,1.8
1618,Female,Sales,Manager,2020-12-01,1.0,No,,Active,4.1
1619,Male,Sales,Associate,2019-11-28,1.0,No,,Active,5.1
1620,Male,HR,Associate,2023-07-27,0.75,Yes,2030-01-16,Terminated,1.4
1621,Female,IT,Analyst,2015-06-03,1.0,No,,Active,9.6
1622,Female,Operations,Engineer,2020-03-15,1.0,No,2023-01-01,Terminated,4.8
1623,Male,Operations,Analyst,2018-11-28,1.0,No,,Active,6.1
1624,Female,Sales,Executive,2018-07-13,1.0,No,,Active,6.5
1625,Male,Sales,Manager,2015-11-11,0.75,No,2022-09-12,Terminated,9.1
1626,Female,IT,Manager,2017-11-30,1.0,No,,Active,7.1
1627,Male,Finance,Manager,2015-04-15,1.0,No,,Active,9.7
1628,Female,HR,Analyst,2020-04-08,0.5,No,,Active,4.7
1629,Male,Sales,Analyst,2020-03-28,1.0,Yes,2021-10-24,Terminated,4.8
1630,Male,Operations,Manager,2018-05-01,0.75,No,,Active,6.7
1631,Male,IT,Analyst,2018-11-25,0.75,No,,Active,6.1
1632,Female,HR,Associate,2024-03-03,0.75,No,,Active,0.8
1633,Male,IT,Associate,2021-07-29,0.5,No,,Active,3.4
1634,Male,HR,Analyst,2023-05-22,1.0,No,2025-02-09,Terminated,1.6
1635,Female,HR,Manager,2019-11-08,0.75,No,,Active,5.2
1636,Female,Sales,Analyst,2020-05-14,1.0,Yes,,Active,4.6
1637,Male,IT,Analyst,2022-08-12,1.0,Yes,2026-10-24,Terminated,2.4
1638,Male,IT,Analyst,2019-05-23,0.75,No,,Active,5.6
1639,Female,Operations,Executive,2016-12-09,1.0,No,,Active,8.1
1640,Female,Operations,Associate,2024-02-10,1.0,No,,Active,0.9
1641,Female,Sales,Engineer,2016-10-12,1.0,No,,Active,8.2
1642,Female,Sales,Engineer,2022-11-11,0.5,No,,Active,2.1
1643,Female,Finance,Executive,2017-08-04,1.0,No,,Active,7.4
1644,Male,Operations,Analyst,2016-10-22,1.0,No,,Active,8.2
1645,Female,HR,Executive,2020-11-16,0.75,No,,Active,4.1
1646,Male,IT,Executive,2022-03-20,0.5,No,,Active,2.8
1647,Male,Sales,Manager,2021-05-18,1.0,No,,Active,3.6
1648,Male,IT,Associate,2021-09-16,0.75,No,,Active,3.3
1649,Female,IT,Engineer,2018-02-06,1.0,Yes,,Active,6.9
1650,Male,Finance,Analyst,2016-11-30,1.0,No,2022-11-05,Terminated,8.1
1651,Male,Operations,Engineer,2021-02-24,1.0,No,,Active,3.9
1652,Female,Sales,Engineer,2024-03-28,1.0,Yes,,Active,0.8
1653,Male,IT,Associate,2020-07-31,0.75,No,,Active,4.4
1654,Male,Sales,Engineer,2021-07-02,0.75,No,,Active,3.5
1655,Female,HR,Engineer,2021-01-10,1.0,No,,Active,4.0
1656,Male,Finance,Executive,2016-07-05,1.0,Yes,,Active,8.5
1657,Male,HR,Associate,2016-02-09,1.0,No,,Active,8.9
1658,Male,Sales,Manager,2016-04-06,0.75,No,2020-05-03,Terminated,8.7
1659,Female,Sales,Analyst,2020-12-19,0.75,No,,Active,4.0
1660,Female,Operations,Engineer,2022-10-09,0.5,No,,Active,2.2
1661,Female,IT,Analyst,2017-05-23,1.0,No,,Active,7.6
1662,Male,IT,Manager,2015-03-25,0.5,Yes,,Active,9.8
1663,Male,HR,Analyst,2018-11-23,1.0,Yes,,Active,6.1
1664,Female,Finance,Manager,2022-09-02,1.0,No,,Active,2.3
1665,Male,IT,Executive,2022-04-29,1.0,No,,Active,2.7
1666,Male,Operations,Engineer,2023-09-16,1.0,No,,Active,1.3
1667,Female,HR,Manager,2015-08-09,0.75,No,,Active,9.4
1668,Female,HR,Analyst,2022-02-13,1.0,Yes,,Active,2.9
1669,Male,Operations,Engineer,2018-10-23,1.0,No,,Active,6.2
1670,Male,Finance,Executive,2023-10-24,1.0,No,,Active,1.2
1671,Male,Operations,Engineer,2015-04-22,1.0,No,,Active,9.7
1672,Female,Finance,Manager,2016-09-06,1.0,Yes,,Active,8.3
1673,Female,Operations,Executive,2019-05-01,0.75,No,,Active,5.7
1674,Female,Operations,Analyst,2023-02-19,0.75,No,2027-03-07,Terminated,1.9
1675,Female,Sales,Executive,2024-10-05,1.0,No,,Active,0.2
1676,Male,HR,Executive,2024-10-16,1.0,No,,Active,0.2
1677,Female,Operations,Associate,2016-04-19,0.5,No,,Active,8.7
1678,Female,Operations,Executive,2022-11-23,1.0,No,,Active,2.1
1679,Female,IT,Executive,2020-03-28,1.0,No,,Active,4.8
1680,Female,HR,Engineer,2015-09-28,0.75,No,2021-11-22,Terminated,9.3
1681,Female,IT,Analyst,2021-10-04,1.0,No,,Active,3.2
1682,Male,HR,Engineer,2020-04-04,1.0,Yes,2027-01-04,Terminated,4.7
1683,Male,IT,Engineer,2022-07-17,0.5,Yes,2026-07-29,Terminated,2.5
1684,Female,Operations,Manager,2018-10-22,1.0,No,,Active,6.2
1685,Male,Operations,Engineer,2024-03-05,1.0,No,,Active,0.8
1686,Female,Sales,Associate,2024-03-08,1.0,No,,Active,0.8
1687,Female,IT,Associate,2015-02-09,1.0,No,,Active,9.9
1688,Male,Finance,Manager,2020-06-05,1.0,No,2025-12-25,Terminated,4.6
1689,Male,Sales,Analyst,2021-02-14,1.0,No,,Active,3.9
1690,Female,IT,Analyst,2023-11-10,1.0,No,2024-11-09,Terminated,1.1
1691,Female,IT,Engineer,2017-09-20,1.0,No,,Active,7.3
1692,Female,Sales,Engineer,2020-07-05,0.75,Yes,2024-05-18,Terminated,4.5
1693,Male,Operations,Engineer,2024-11-16,0.75,Yes,2029-04-21,Terminated,0.1
1694,Female,IT,Analyst,2022-01-27,0.75,No,,Active,2.9
1695,Female,Operations,Executive,2023-06-03,1.0,Yes,,Active,1.6
1696,Female,Sales,Associate,2015-10-17,0.5,No,,Active,9.2
1697,Male,Operations,Executive,2021-10-16,1.0,No,2022-12-22,Terminated,3.2
1698,Female,HR,Executive,2021-11-23,0.75,No,2022-06-09,Terminated,3.1
1699,Female,Finance,Analyst,2023-11-27,0.75,No,,Active,1.1
1700,Male,IT,Executive,2024-02-02,1.0,No,,Active,0.9
1701,Female,Finance,Manager,2022-04-29,1.0,No,,Active,2.7
1702,Female,Operations,Engineer,2015-10-06,0.5,No,2019-06-06,Terminated,9.2
1703,Male,IT,Manager,2023-01-03,1.0,No,,Active,2.0
1704,Female,Operations,Associate,2016-08-03,1.0,No,,Active,8.4
1705,Male,HR,Engineer,2017-05-12,0.75,No,,Active,7.6
1706,Male,Sales,Executive,2015-09-11,1.0,No,,Active,9.3
1707,Female,IT,Associate,2015-06-30,1.0,Yes,,Active,9.5
1708,Female,HR,Engineer,2016-11-11,0.5,No,,Active,8.1
1709,Female,HR,Executive,2017-04-04,1.0,No,,Active,7.7
1710,Female,IT,Manager,2024-10-20,1.0,No,,Active,0.2
1711,Male,Operations,Engineer,2016-11-30,1.0,No,,Active,8.1
1712,Female,HR,Executive,2022-02-26,0.75,No,,Active,2.8
1713,Male,Finance,Manager,2018-09-11,0.5,No,,Active,6.3
1714,Female,HR,Associate,2018-10-12,1.0,No,,Active,6.2
1715,Female,Operations,Associate,2019-08-01,0.5,No,2020-09-06,Terminated,5.4
1716,Female,Operations,Associate,2022-06-20,1.0,No,,Active,2.5
1717,Male,Finance,Associate,2021-09-04,1.0,No,2022-03-05,Terminated,3.3
1718,Female,HR,Analyst,2019-06-27,1.0,No,,Active,5.5
1719,Female,Operations,Engineer,2020-05-11,1.0,No,,Active,4.6
1720,Female,IT,Engineer,2023-08-23,1.0,No,,Active,1.4
1721,Female,Sales,Analyst,2024-04-11,0.5,Yes,,Active,0.7
1722,Male,Sales,Executive,2015-07-31,1.0,No,,Active,9.4
1723,Female,Sales,Executive,2019-03-19,0.75,No,,Active,5.8
1724,Male,HR,Associate,2016-01-19,0.75,No,,Active,9.0
1725,Male,Finance,Manager,2019-09-11,1.0,No,,Active,5.3
1726,Male,Operations,Executive,2015-12-08,1.0,No,,Active,9.1
1727,Male,IT,Manager,2020-01-13,1.0,No,,Active,5.0
1728,Male,IT,Engineer,2020-06-10,0.75,No,,Active,4.6
1729,Male,HR,Manager,2017-04-23,1.0,No,,Active,7.7
1730,Female,Sales,Engineer,2023-07-07,0.75,No,,Active,1.5
1731,Male,HR,Analyst,2019-03-15,1.0,No,,Active,5.8
1732,Male,Finance,Analyst,2016-02-24,0.75,No,,Active,8.9
1733,Male,Finance,Associate,2022-08-30,1.0,No,2026-08-08,Terminated,2.3
1734,Female,Operations,Executive,2023-11-15,1.0,No,2026-09-13,Terminated,1.1
1735,Female,Operations,Associate,2020-06-11,1.0,No,,Active,4.6
1736,Male,Finance,Engineer,2020-04-16,1.0,No,,Active,4.7
1737,Female,Finance,Associate,2024-05-07,1.0,No,,Active,0.7
1738,Male,Finance,Manager,2020-01-24,1.0,No,,Active,4.9
1739,Male,HR,Engineer,2015-11-02,0.75,No,,Active,9.2
1740,Female,Finance,Analyst,2024-11-22,0.75,No,,Active,0.1
1741,Male,IT,Executive,2022-07-12,1.0,No,,Active,2.5
1742,Female,Sales,Engineer,2017-05-18,1.0,No,,Active,7.6
1743,Female,Finance,Engineer,2022-01-28,1.0,No,,Active,2.9
1744,Male,Sales,Manager,2018-02-09,0.75,Yes,,Active,6.9
1745,Male,HR,Executive,2018-12-05,1.0,No,,Active,6.1
1746,Female,Sales,Analyst,2015-07-25,1.0,Yes,,Active,9.4
1747,Male,HR,Engineer,2023-12-01,1.0,No,,Active,1.1
1748,Male,IT,Engineer,2024-06-15,1.0,No,,Active,0.5
1749,Male,HR,Manager,2016-05-10,1.0,No,,Active,8.6
1750,Female,HR,Associate,2024-06-12,0.75,Yes,,Active,0.6
1751,Female,Operations,Analyst,2023-07-16,1.0,No,,Active,1.5
1752,Male,Finance,Executive,2020-03-24,1.0,No,2024-10-17,Terminated,4.8
1753,Female,Finance,Engineer,2024-12-01,1.0,No,,Active,0.1
1754,Female,IT,Engineer,2024-11-08,0.75,Yes,2025-12-20,Terminated,0.1
1755,Female,IT,Analyst,2021-12-26,0.5,No,,Active,3.0
1756,Female,Finance,Associate,2017-11-11,1.0,No,,Active,7.1
1757,Female,Operations,Engineer,2015-08-01,1.0,No,,Active,9.4
1758,Male,Finance,Analyst,2015-11-06,1.0,No,,Active,9.2
1759,Male,Operations,Manager,2022-06-01,1.0,No,,Active,2.6
1760,Male,IT,Associate,2020-06-14,1.0,No,,Active,4.6
1761,Female,Sales,Executive,2022-09-01,0.75,Yes,,Active,2.3
1762,Female,IT,Engineer,2015-09-29,1.0,No,2020-10-29,Terminated,9.3
1763,Male,IT,Analyst,2024-12-21,1.0,No,,Active,0.0
1764,Female,HR,Manager,2019-12-28,1.0,No,,Active,5.0
1765,Male,HR,Executive,2023-03-05,1.0,Yes,,Active,1.8
1766,Male,HR,Analyst,2023-12-18,1.0,No,,Active,1.0
1767,Male,HR,Analyst,2020-09-10,1.0,No,,Active,4.3
1768,Female,Operations,Executive,2016-03-18,1.0,No,2018-01-25,Terminated,8.8
1769,Female,Finance,Manager,2021-01-18,0.5,No,2026-09-14,Terminated,4.0
1770,Male,Sales,Manager,2022-09-15,0.75,No,,Active,2.3
1771,Male,IT,Associate,2015-09-11,1.0,No,,Active,9.3
1772,Male,Operations,Engineer,2016-06-04,0.5,No,,Active,8.6
1773,Male,Sales,Executive,2017-09-03,0.75,No,2023-09-07,Terminated,7.3
1774,Female,Operations,Executive,2024-09-21,1.0,No,,Active,0.3
1775,Female,Operations,Executive,2015-01-10,1.0,No,,Active,10.0
1776,Male,IT,Manager,2022-08-05,1.0,No,,Active,2.4
1777,Male,Finance,Engineer,2021-12-27,0.75,No,,Active,3.0
1778,Female,HR,Associate,2022-10-03,0.75,No,,Active,2.2
1779,Female,Finance,Analyst,2019-05-03,0.75,No,,Active,5.7
1780,Male,IT,Analyst,2021-10-19,0.5,No,2025-06-22,Terminated,3.2
1781,Male,IT,Executive,2018-02-08,1.0,No,2022-02-26,Terminated,6.9
1782,Male,IT,Engineer,2015-06-02,0.75,No,,Active,9.6
1783,Female,Sales,Manager,2019-07-17,1.0,No,,Active,5.5
1784,Female,Finance,Engineer,2023-02-12,0.5,No,2026-07-22,Terminated,1.9
1785,Female,Finance,Engineer,2022-12-26,1.0,No,2025-06-07,Terminated,2.0
1786,Male,Operations,Manager,2023-09-09,1.0,No,,Active,1.3
1787,Male,Operations,Executive,2022-09-01,1.0,No,,Active,2.3
1788,Female,Operations,Engineer,2020-01-31,1.0,No,,Active,4.9
1789,Female,IT,Analyst,2018-04-29,1.0,No,,Active,6.7
1790,Male,Finance,Manager,2019-10-19,0.75,No,,Active,5.2
1791,Female,IT,Associate,2022-02-23,1.0,No,,Active,2.9
1792,Female,Sales,Executive,2018-01-09,1.0,No,,Active,7.0
1793,Male,Operations,Manager,2021-12-11,1.0,No,2025-01-11,Terminated,3.1
1794,Female,IT,Associate,2017-06-13,0.5,No,,Active,7.6
1795,Male,IT,Associate,2018-01-16,0.5,No,,Active,7.0
1796,Male,Sales,Engineer,2023-12-10,1.0,No,,Active,1.1
1797,Male,HR,Engineer,2015-04-14,1.0,Yes,,Active,9.7
1798,Male,Finance,Engineer,2023-09-03,1.0,No,,Active,1.3
1799,Male,HR,Manager,2024-07-26,0.75,No,,Active,0.4
1800,Male,Operations,Manager,2020-03-29,1.0,Yes,,Active,4.8
1801,Male,IT,Executive,2023-12-14,0.75,No,2026-10-28,Terminated,1.0
1802,Female,Sales,Engineer,2023-05-31,0.5,No,,Active,1.6
1803,Male,Sales,Associate,2017-10-03,1.0,No,,Active,7.2
1804,Male,Finance,Analyst,2016-02-11,0.75,No,,Active,8.9
1805,Female,HR,Executive,2018-11-02,0.75,Yes,,Active,6.2
1806,Female,Finance,Manager,2015-06-16,1.0,No,,Active,9.6
1807,Female,IT,Executive,2016-05-23,0.75,No,2019-10-25,Terminated,8.6
1808,Male,Finance,Executive,2019-07-20,0.5,No,,Active,5.5
1809,Female,Sales,Executive,2021-06-18,0.5,No,,Active,3.5
1810,Male,Sales,Executive,2024-07-21,0.75,No,2025-04-20,Terminated,0.4
1811,Male,Operations,Analyst,2017-02-01,0.5,Yes,,Active,7.9
1812,Male,Operations,Engineer,2016-11-11,1.0,No,2018-11-20,Terminated,8.1
1813,Male,IT,Associate,2021-11-29,0.75,No,,Active,3.1
1814,Female,HR,Executive,2020-10-21,0.75,No,,Active,4.2
1815,Female,Finance,Executive,2018-03-10,1.0,No,,Active,6.8
1816,Male,IT,Executive,2016-08-04,1.0,No,,Active,8.4
1817,Male,Operations,Engineer,2015-09-19,1.0,No,,Active,9.3
1818,Male,Finance,Manager,2018-09-25,1.0,Yes,,Active,6.3
1819,Female,Operations,Manager,2018-08-24,1.0,No,,Active,6.4
1820,Male,Finance,Analyst,2021-04-11,1.0,No,2026-08-18,Terminated,3.7
1821,Male,HR,Manager,2019-03-19,1.0,No,,Active,5.8
1822,Female,IT,Executive,2024-05-01,1.0,No,2031-01-05,Terminated,0.7
1823,Female,Finance,Executive,2024-12-25,0.75,No,,Active,0.0
1824,Male,Sales,Executive,2016-07-14,0.75,No,,Active,8.5
1825,Female,Sales,Analyst,2018-01-04,0.75,No,,Active,7.0
1826,Female,Finance,Executive,2020-03-18,1.0,Yes,,Active,4.8
1827,Male,Finance,Manager,2015-06-24,1.0,No,2017-02-28,Terminated,9.5
1828,Female,Finance,Engineer,2020-11-26,1.0,No,,Active,4.1
1829,Male,Sales,Engineer,2021-02-08,1.0,No,,Active,3.9
1830,Female,Sales,Associate,2015-07-11,1.0,No,,Active,9.5
1831,Male,Finance,Manager,2015-03-06,0.75,No,,Active,9.8
1832,Male,Operations,Executive,2023-03-30,0.75,No,,Active,1.8
1833,Male,Operations,Engineer,2019-02-06,1.0,No,,Active,5.9
1834,Female,HR,Manager,2023-09-07,1.0,No,,Active,1.3
1835,Male,IT,Engineer,2019-04-17,1.0,No,,Active,5.7
1836,Female,Operations,Executive,2022-12-21,1.0,No,,Active,2.0
1837,Male,Sales,Engineer,2018-02-25,0.75,No,,Active,6.9
1838,Male,Operations,Associate,2024-08-24,1.0,No,,Active,0.4
1839,Female,HR,Associate,2020-04-21,1.0,Yes,2023-02-16,Terminated,4.7
1840,Male,HR,Engineer,2016-01-04,1.0,No,,Active,9.0
1841,Male,IT,Manager,2017-04-30,1.0,No,,Active,7.7
1842,Female,Operations,Manager,2015-02-12,0.75,No,,Active,9.9
1843,Male,Sales,Manager,2020-03-22,0.75,No,,Active,4.8
1844,Male,Sales,Engineer,2024-07-22,1.0,No,2025-08-10,Terminated,0.4
1845,Male,Finance,Manager,2021-12-10,1.0,No,,Active,3.1
1846,Male,Sales,Executive,2015-03-19,1.0,No,,Active,9.8
1847,Female,IT,Associate,2022-11-13,0.75,Yes,,Active,2.1
1848,Female,IT,Executive,2019-12-30,1.0,No,,Active,5.0
1849,Male,Sales,Manager,2018-07-17,0.75,No,,Active,6.5
1850,Female,Sales,Executive,2016-11-04,0.5,No,,Active,8.2
1851,Male,Finance,Manager,2016-12-01,1.0,No,,Active,8.1
1852,Female,Sales,Engineer,2017-01-28,1.0,Yes,,Active,7.9
1853,Male,Finance,Executive,2020-04-07,0.5,No,,Active,4.7
1854,Male,Finance,Engineer,2022-08-07,0.5,No,,Active,2.4
1855,Male,Sales,Engineer,2024-04-09,1.0,Yes,,Active,0.7
1856,Male,HR,Analyst,2023-02-20,0.5,No,,Active,1.9
1857,Male,HR,Manager,2017-06-20,1.0,No,,Active,7.5
1858,Male,Finance,Associate,2023-01-15,1.0,No,,Active,2.0
1859,Female,Sales,Manager,2017-09-19,0.75,No,,Active,7.3
1860,Male,HR,Associate,2018-04-06,0.75,Yes,,Active,6.7
1861,Female,Sales,Manager,2021-07-14,1.0,No,2025-01-13,Terminated,3.5
1862,Male,Sales,Engineer,2021-02-18,1.0,No,2021-11-01,Terminated,3.9
1863,Female,Sales,Executive,2019-01-16,1.0,No,,Active,6.0
1864,Female,Operations,Executive,2021-05-19,1.0,No,,Active,3.6
1865,Female,Sales,Analyst,2024-04-30,1.0,No,,Active,0.7
1866,Male,Operations,Associate,2016-01-25,1.0,No,,Active,8.9
1867,Male,Finance,Associate,2017-09-26,1.0,No,,Active,7.3
1868,Female,HR,Associate,2016-06-08,1.0,No,,Active,8.6
1869,Male,HR,Engineer,2024-01-25,1.0,No,2026-10-16,Terminated,0.9
1870,Female,HR,Associate,2020-01-30,1.0,No,,Active,4.9
1871,Male,HR,Executive,2019-02-15,1.0,No,,Active,5.9
1872,Female,HR,Engineer,2016-10-20,1.0,No,,Active,8.2
1873,Female,HR,Manager,2022-07-26,0.5,No,,Active,2.4
1874,Male,HR,Associate,2017-06-09,1.0,No,,Active,7.6
1875,Female,Finance,Associate,2024-12-05,0.75,No,,Active,0.1
1876,Male,Sales,Manager,2019-01-21,0.75,No,,Active,5.9
1877,Female,IT,Associate,2023-08-27,0.5,No,,Active,1.3
1878,Female,Operations,Manager,2023-09-02,1.0,No,,Active,1.3
1879,Male,IT,Engineer,2016-03-27,1.0,No,,Active,8.8
1880,Male,IT,Executive,2021-10-11,0.75,Yes,,Active,3.2
1881,Male,Sales,Manager,2023-10-28,1.0,Yes,,Active,1.2
1882,Female,Sales,Analyst,2019-03-18,1.0,No,,Active,5.8
1883,Male,Sales,Manager,2024-06-09,0.75,No,2027-01-12,Terminated,0.6
1884,Female,HR,Associate,2023-06-21,1.0,No,,Active,1.5
1885,Female,Finance,Engineer,2017-06-01,1.0,No,2018-03-13,Terminated,7.6
1886,Male,HR,Engineer,2015-11-09,1.0,Yes,2022-03-12,Terminated,9.2
1887,Male,Finance,Manager,2017-04-19,1.0,No,,Active,7.7
1888,Female,Finance,Executive,2022-01-10,1.0,No,,Active,3.0
1889,Female,IT,Analyst,2023-12-22,0.5,No,2029-03-31,Terminated,1.0
1890,Male,IT,Engineer,2016-01-10,0.75,No,,Active,9.0
1891,Male,Finance,Associate,2016-03-26,0.5,No,,Active,8.8
1892,Male,Finance,Associate,2023-05-21,1.0,No,2027-11-21,Terminated,1.6
1893,Male,HR,Executive,2016-08-17,0.75,No,,Active,8.4
1894,Male,HR,Engineer,2023-11-25,0.75,No,,Active,1.1
1895,Female,IT,Manager,2018-05-18,1.0,No,,Active,6.6
1896,Female,Sales,Associate,2016-05-14,1.0,No,,Active,8.6
1897,Female,Finance,Executive,2016-04-08,1.0,No,,Active,8.7
1898,Female,HR,Engineer,2023-10-01,0.5,No,,Active,1.3
1899,Male,IT,Engineer,2015-04-23,0.5,Yes,,Active,9.7
1900,Male,HR,Engineer,2017-11-01,1.0,Yes,,Active,7.2
1901,Male,Finance,Engineer,2023-10-03,0.75,No,,Active,1.2
1902,Female,Finance,Engineer,2024-12-15,0.5,No,,Active,0.0
1903,Female,Operations,Associate,2021-07-06,1.0,Yes,,Active,3.5
1904,Male,Sales,Executive,2020-04-08,1.0,No,,Active,4.7
1905,Male,Operations,Engineer,2024-03-08,1.0,No,,Active,0.8
1906,Female,IT,Analyst,2015-05-20,1.0,Yes,,Active,9.6
1907,Female,HR,Analyst,2018-11-25,1.0,No,2020-01-23,Terminated,6.1
1908,Male,IT,Executive,2023-01-28,0.75,No,,Active,1.9
1909,Male,Finance,Manager,2023-09-04,1.0,No,,Active,1.3
1910,Female,Operations,Manager,2016-05-31,0.75,No,,Active,8.6
1911,Male,Operations,Manager,2022-03-01,0.75,No,2026-07-03,Terminated,2.8
1912,Male,Operations,Analyst,2020-05-01,1.0,Yes,,Active,4.7
1913,Male,IT,Manager,2022-12-03,0.75,No,,Active,2.1
1914,Female,Finance,Associate,2023-08-07,1.0,No,,Active,1.4
1915,Female,HR,Engineer,2020-12-05,0.75,No,,Active,4.1
1916,Female,HR,Analyst,2017-06-06,1.0,Yes,,Active,7.6
1917,Female,IT,Executive,2023-07-28,1.0,Yes,,Active,1.4
1918,Female,Operations,Executive,2023-07-02,0.75,Yes,,Active,1.5
1919,Female,Sales,Engineer,2018-09-03,0.5,No,2021-11-07,Terminated,6.3
1920,Female,IT,Analyst,2015-02-19,1.0,No,,Active,9.9
1921,Male,IT,Manager,2024-09-30,1.0,No,,Active,0.3
1922,Male,Finance,Manager,2015-01-19,1.0,No,,Active,10.0
1923,Male,HR,Associate,2016-12-26,1.0,No,2022-03-26,Terminated,8.0
1924,Male,IT,Associate,2021-02-22,1.0,No,,Active,3.9
1925,Male,IT,Manager,2019-01-13,1.0,Yes,2019-11-30,Terminated,6.0
1926,Male,Operations,Executive,2022-02-19,1.0,No,2025-01-26,Terminated,2.9
1927,Male,Operations,Executive,2016-03-27,1.0,No,,Active,8.8
1928,Female,Sales,Associate,2021-05-25,1.0,No,,Active,3.6
1929,Female,Finance,Engineer,2018-03-10,1.0,No,,Active,6.8
1930,Male,Sales,Manager,2018-01-12,1.0,No,,Active,7.0
1931,Male,Operations,Associate,2021-09-04,1.0,No,,Active,3.3
1932,Female,HR,Associate,2015-08-03,1.0,No,,Active,9.4
1933,Male,Operations,Manager,2019-03-30,0.75,No,2023-07-18,Terminated,5.8
1934,Male,Finance,Manager,2021-03-12,0.5,No,,Active,3.8
1935,Female,Operations,Executive,2024-07-06,1.0,No,2026-06-30,Terminated,0.5
1936,Male,Finance,Engineer,2015-05-08,1.0,Yes,,Active,9.7
1937,Female,Finance,Engineer,2020-01-20,1.0,No,,Active,5.0
1938,Male,Finance,Manager,2024-09-18,0.75,Yes,2031-03-25,Terminated,0.3
1939,Female,Finance,Analyst,2017-01-29,1.0,No,,Active,7.9
1940,Female,Finance,Associate,2021-09-17,1.0,No,,Active,3.3
1941,Female,HR,Associate,2023-06-28,0.75,No,,Active,1.5
1942,Male,Sales,Manager,2019-12-21,1.0,No,,Active,5.0
1943,Female,IT,Analyst,2021-07-13,1.0,No,,Active,3.5
1944,Male,Sales,Executive,2022-11-18,1.0,No,,Active,2.1
1945,Male,Finance,Manager,2022-07-24,1.0,No,,Active,2.4
1946,Male,HR,Manager,2015-12-27,1.0,No,2020-07-02,Terminated,9.0
1947,Male,Operations,Associate,2016-07-22,1.0,No,,Active,8.4
1948,Female,HR,Manager,2018-11-16,1.0,No,2021-06-15,Terminated,6.1
1949,Female,Finance,Manager,2021-03-15,1.0,No,,Active,3.8
1950,Male,HR,Manager,2019-05-17,1.0,No,,Active,5.6
1951,Male,HR,Associate,2019-08-20,1.0,No,,Active,5.4
1952,Female,Finance,Executive,2015-07-21,0.75,No,,Active,9.5
1953,Male,HR,Executive,2020-08-26,1.0,Yes,2022-11-07,Terminated,4.4
1954,Female,IT,Manager,2021-06-27,0.5,Yes,,Active,3.5
1955,Male,IT,Associate,2016-06-01,1.0,Yes,,Active,8.6
1956,Male,HR,Executive,2024-12-20,1.0,No,,Active,0.0
1957,Female,Operations,Executive,2018-09-10,0.75,No,,Active,6.3
1958,Male,Finance,Executive,2018-12-06,1.0,No,2021-03-20,Terminated,6.1
1959,Female,IT,Associate,2018-09-03,0.5,No,2022-07-31,Terminated,6.3
1960,Male,Operations,Associate,2016-11-11,1.0,No,,Active,8.1
1961,Male,HR,Manager,2020-06-11,1.0,No,,Active,4.6
1962,Male,Operations,Engineer,2023-08-20,1.0,No,,Active,1.4
1963,Female,Sales,Executive,2024-09-15,0.75,No,,Active,0.3
1964,Male,IT,Engineer,2019-01-31,0.75,No,2019-09-10,Terminated,5.9
1965,Male,HR,Associate,2016-02-29,1.0,No,,Active,8.8
1966,Male,Finance,Associate,2020-05-22,1.0,No,,Active,4.6
1967,Male,HR,Associate,2019-09-09,1.0,No,,Active,5.3
1968,Female,Finance,Engineer,2023-12-20,1.0,No,2030-10-15,Terminated,1.0
1969,Female,HR,Associate,2023-05-25,1.0,No,,Active,1.6
1970,Male,Operations,Manager,2021-08-31,1.0,Yes,,Active,3.3
1971,Female,Operations,Associate,2017-02-16,1.0,No,,Active,7.9
1972,Male,Operations,Analyst,2020-11-15,0.75,No,,Active,4.1
1973,Male,Sales,Engineer,2024-05-09,0.75,No,,Active,0.6
1974,Male,Finance,Analyst,2020-01-01,1.0,No,,Active,5.0
1975,Female,Operations,Associate,2015-07-27,0.5,No,,Active,9.4
1976,Female,Sales,Manager,2019-03-18,1.0,No,,Active,5.8
1977,Female,Finance,Executive,2019-07-18,1.0,No,,Active,5.5
1978,Female,HR,Associate,2022-03-18,0.75,No,,Active,2.8
1979,Female,Sales,Manager,2021-01-22,0.5,Yes,,Active,3.9
1980,Female,IT,Engineer,2015-01-22,1.0,Yes,,Active,9.9
1981,Female,Sales,Analyst,2015-06-03,1.0,Yes,,Active,9.6
1982,Female,Sales,Analyst,2020-05-16,1.0,Yes,,Active,4.6
1983,Female,Finance,Analyst,2024-08-11,1.0,No,2027-11-30,Terminated,0.4
1984,Male,HR,Engineer,2024-03-20,1.0,Yes,,Active,0.8
1985,Female,IT,Manager,2015-08-07,1.0,No,,Active,9.4
1986,Female,Operations,Engineer,2016-10-30,1.0,Yes,,Active,8.2
1987,Female,Operations,Analyst,2019-02-27,1.0,No,,Active,5.8
1988,Female,Sales,Associate,2021-03-27,1.0,Yes,,Active,3.8
1989,Female,Finance,Executive,2020-08-29,0.75,No,,Active,4.3
1990,Female,Finance,Engineer,2022-02-13,1.0,Yes,,Active,2.9
1991,Female,Operations,Engineer,2017-08-07,1.0,No,,Active,7.4
1992,Female,IT,Manager,2021-01-04,0.75,No,,Active,4.0
1993,Female,HR,Manager,2023-09-15,0.5,Yes,,Active,1.3
1994,Female,IT,Engineer,2016-02-07,1.0,No,,Active,8.9
1995,Female,HR,Analyst,2016-08-18,1.0,Yes,,Active,8.4
1996,Male,Operations,Executive,2024-09-24,1.0,No,,Active,0.3
1997,Male,HR,Manager,2021-08-11,0.5,Yes,,Active,3.4
1998,Female,Finance,Analyst,2018-12-08,0.5,No,2023-12-22,Terminated,6.1
1999,Female,Sales,Associate,2024-04-03,1.0,No,2028-04-13,Terminated,0.7
2000,Male,Sales,Manager,2022-10-20,1.0,No,,Active,2.2
2001,Female,Operations,Analyst,2023-02-13,1.0,No,,Active,1.9
2002,Male,Finance,Analyst,2018-03-03,1.0,No,2020-04-16,Terminated,6.8
2003,Male,IT,Executive,2019-10-09,1.0,No,,Active,5.2
2004,Male,Finance,Executive,2018-07-30,1.0,No,,Active,6.4
2005,Male,Sales,Associate,2015-03-14,1.0,No,2018-06-18,Terminated,9.8
2006,Male,Sales,Analyst,2016-04-25,1.0,Yes,2022-11-24,Terminated,8.7
2007,Female,Finance,Analyst,2024-05-16,1.0,No,,Active,0.6
2008,Male,Finance,Executive,2016-07-13,1.0,No,,Active,8.5
2009,Female,Sales,Manager,2024-04-20,1.0,No,,Active,0.7
2010,Female,IT,Manager,2017-01-14,1.0,No,,Active,8.0
2011,Male,Operations,Engineer,2019-01-06,0.75,Yes,,Active,6.0
2012,Male,Operations,Executive,2015-04-10,1.0,No,,Active,9.7
2013,Female,Finance,Engineer,2017-12-18,0.75,No,,Active,7.0
2014,Male,Operations,Executive,2021-12-30,1.0,No,,Active,3.0
2015,Male,Sales,Associate,2021-04-24,1.0,No,,Active,3.7
2016,Female,Sales,Analyst,2016-02-17,1.0,No,,Active,8.9
2017,Female,Finance,Associate,2024-08-24,0.5,No,,Active,0.4
2018,Male,Finance,Executive,2017-12-24,1.0,No,,Active,7.0
2019,Female,Finance,Analyst,2022-03-27,1.0,No,2028-07-03,Terminated,2.8
2020,Male,IT,Manager,2018-03-23,1.0,Yes,,Active,6.8
2021,Male,Operations,Manager,2020-07-01,1.0,No,,Active,4.5
2022,Male,Finance,Engineer,2021-05-02,1.0,No,2024-06-12,Terminated,3.7
2023,Female,HR,Executive,2017-03-31,1.0,No,,Active,7.8
2024,Female,HR,Executive,2023-08-17,0.75,Yes,,Active,1.4
2025,Female,Sales,Manager,2024-04-09,0.75,No,2026-04-19,Terminated,0.7
2026,Female,Operations,Associate,2016-10-23,1.0,No,,Active,8.2
2027,Female,Finance,Analyst,2023-03-14,1.0,No,,Active,1.8
2028,Male,HR,Associate,2016-07-13,0.75,No,,Active,8.5
2029,Male,Operations,Associate,2023-02-12,0.75,No,,Active,1.9
2030,Male,Sales,Manager,2023-01-17,0.75,No,,Active,2.0
2031,Male,IT,Manager,2018-06-25,1.0,No,2022-08-13,Terminated,6.5
2032,Female,Operations,Manager,2019-12-19,1.0,No,,Active,5.0
2033,Male,Operations,Engineer,2022-12-25,1.0,No,,Active,2.0
2034,Female,IT,Associate,2016-09-01,1.0,No,,Active,8.3
2035,Male,Operations,Executive,2021-09-27,1.0,Yes,,Active,3.3
2036,Female,Sales,Analyst,2015-01-25,0.5,No,,Active,9.9
2037,Female,Sales,Engineer,2020-07-21,0.5,Yes,,Active,4.4
2038,Male,IT,Executive,2015-10-11,0.75,No,,Active,9.2
2039,Male,Finance,Associate,2019-01-12,1.0,Yes,,Active,6.0
2040,Male,HR,Manager,2023-01-07,1.0,No,,Active,2.0
2041,Male,Finance,Associate,2015-10-28,0.75,Yes,,Active,9.2
2042,Female,Operations,Analyst,2017-12-27,1.0,No,,Active,7.0
2043,Male,HR,Engineer,2017-10-27,1.0,No,,Active,7.2
2044,Male,IT,Engineer,2017-03-27,1.0,Yes,,Active,7.8
2045,Female,IT,Analyst,2023-10-14,0.75,No,,Active,1.2
2046,Male,HR,Executive,2023-11-10,1.0,No,,Active,1.1
2047,Male,Sales,Executive,2015-03-24,1.0,No,,Active,9.8
2048,Male,HR,Engineer,2020-04-04,0.75,No,2024-05-05,Terminated,4.7
2049,Male,Operations,Engineer,2024-07-23,1.0,No,,Active,0.4
2050,Male,Sales,Manager,2023-08-11,0.5,No,,Active,1.4
2051,Female,IT,Executive,2024-01-22,1.0,No,,Active,0.9
2052,Male,HR,Analyst,2020-09-24,1.0,Yes,,Active,4.3
2053,Male,Finance,Executive,2016-09-09,1.0,No,,Active,8.3
2054,Male,Finance,Manager,2023-02-23,1.0,No,,Active,1.9
2055,Male,Operations,Engineer,2021-04-28,1.0,No,,Active,3.7
2056,Male,Finance,Engineer,2015-06-25,1.0,Yes,2020-12-16,Terminated,9.5
2057,Female,HR,Manager,2018-04-04,1.0,No,2022-12-29,Terminated,6.7
2058,Male,HR,Analyst,2022-05-28,1.0,No,,Active,2.6
2059,Female,Finance,Engineer,2017-04-21,1.0,No,,Active,7.7
2060,Female,HR,Associate,2016-01-05,1.0,No,,Active,9.0
2061,Male,Operations,Engineer,2019-12-24,1.0,No,,Active,5.0
2062,Male,Sales,Associate,2020-10-02,1.0,No,,Active,4.2
2063,Male,Operations,Manager,2016-11-20,1.0,No,,Active,8.1
2064,Male,Operations,Manager,2024-07-22,1.0,No,,Active,0.4
2065,Female,HR,Engineer,2019-11-15,1.0,No,,Active,5.1
2066,Male,Sales,Executive,2024-10-18,1.0,No,,Active,0.2
2067,Male,HR,Associate,2018-09-26,1.0,Yes,,Active,6.3
2068,Male,IT,Analyst,2023-10-04,1.0,Yes,,Active,1.2
2069,Male,HR,Engineer,2018-12-03,1.0,No,,Active,6.1
2070,Male,HR,Analyst,2016-01-02,1.0,No,,Active,9.0
2071,Male,HR,Engineer,2024-02-25,1.0,No,,Active,0.8
2072,Female,Sales,Executive,2016-10-05,1.0,No,2019-07-31,Terminated,8.2
2073,Female,HR,Executive,2021-08-23,1.0,Yes,,Active,3.4
2074,Male,Sales,Executive,2015-03-14,1.0,No,,Active,9.8
2075,Male,Finance,Executive,2023-02-10,1.0,No,,Active,1.9
2076,Male,IT,Manager,2018-06-25,0.5,No,,Active,6.5
2077,Female,Sales,Manager,2017-05-09,0.75,No,,Active,7.7
2078,Male,Finance,Associate,2015-02-12,0.5,Yes,,Active,9.9
2079,Female,Sales,Analyst,2021-08-21,1.0,No,,Active,3.4
2080,Male,Sales,Engineer,2017-11-30,0.75,Yes,,Active,7.1
2081,Male,IT,Engineer,2021-01-26,0.75,No,,Active,3.9
2082,Male,Operations,Manager,2021-03-09,1.0,No,,Active,3.8
2083,Male,Operations,Engineer,2019-02-25,1.0,No,,Active,5.9
2084,Female,Sales,Manager,2020-09-17,1.0,No,,Active,4.3
2085,Female,HR,Associate,2016-01-04,1.0,No,,Active,9.0
2086,Male,Finance,Analyst,2022-09-05,0.5,No,,Active,2.3
2087,Male,HR,Associate,2015-05-31,1.0,No,,Active,9.6
2088,Female,HR,Executive,2018-02-08,1.0,No,,Active,6.9
2089,Female,Sales,Executive,2019-02-12,1.0,No,,Active,5.9
2090,Female,Sales,Executive,2018-12-30,1.0,Yes,2022-12-27,Terminated,6.0
2091,Female,Sales,Associate,2017-12-06,1.0,No,,Active,7.1
2092,Male,Sales,Engineer,2017-10-20,1.0,Yes,,Active,7.2
2093,Female,Operations,Analyst,2019-05-18,1.0,No,,Active,5.6
2094,Male,Sales,Executive,2022-08-16,0.75,No,,Active,2.4
2095,Female,Operations,Executive,2020-08-02,0.75,No,2025-04-11,Terminated,4.4
2096,Female,Operations,Executive,2018-10-21,0.75,No,,Active,6.2
2097,Female,Sales,Analyst,2015-03-10,0.75,No,2020-08-24,Terminated,9.8
2098,Female,IT,Executive,2021-06-04,1.0,No,,Active,3.6
2099,Female,Finance,Analyst,2017-08-01,0.75,No,,Active,7.4
2100,Male,HR,Executive,2017-03-12,1.0,No,,Active,7.8
2101,Male,Operations,Associate,2021-06-01,0.75,No,2026-09-04,Terminated,3.6
2102,Female,Finance,Associate,2021-02-28,0.75,No,,Active,3.8
2103,Female,IT,Analyst,2015-03-02,1.0,Yes,,Active,9.8
2104,Male,HR,Associate,2017-08-03,0.5,No,2019-09-27,Terminated,7.4
2105,Female,HR,Analyst,2023-03-30,1.0,No,,Active,1.8
2106,Female,Operations,Associate,2018-08-30,1.0,No,,Active,6.3
2107,Male,Sales,Associate,2018-03-30,0.75,No,,Active,6.8
2108,Female,IT,Analyst,2015-11-27,0.5,No,,Active,9.1
2109,Female,Operations,Engineer,2019-04-01,1.0,Yes,,Active,5.8
2110,Male,IT,Associate,2015-12-04,0.5,Yes,,Active,9.1
2111,Male,Sales,Executive,2019-06-18,0.75,No,,Active,5.5
2112,Male,Sales,Engineer,2018-08-20,0.75,No,,Active,6.4
2113,Female,Operations,Analyst,2019-03-07,0.75,No,,Active,5.8
2114,Male,Sales,Engineer,2019-08-01,1.0,No,,Active,5.4
2115,Male,Finance,Manager,2018-09-23,1.0,No,,Active,6.3
2116,Male,HR,Manager,2019-04-23,1.0,No,,Active,5.7
2117,Male,Operations,Associate,2022-05-10,0.75,Yes,,Active,2.6
2118,Male,IT,Associate,2015-10-02,0.75,No,,Active,9.3
2119,Male,Finance,Executive,2018-04-02,1.0,No,,Active,6.8
2120,Female,Operations,Engineer,2024-08-15,1.0,No,,Active,0.4
2121,Female,Sales,Manager,2021-06-24,1.0,No,,Active,3.5
2122,Male,Sales,Associate,2022-03-21,1.0,No,,Active,2.8
2123,Male,Sales,Engineer,2021-12-26,1.0,No,,Active,3.0
2124,Male,Sales,Associate,2021-08-31,1.0,No,,Active,3.3
2125,Female,IT,Associate,2020-06-16,1.0,Yes,,Active,4.5
2126,Female,Finance,Manager,2017-05-19,1.0,No,,Active,7.6
2127,Female,HR,Manager,2022-11-20,1.0,No,,Active,2.1
2128,Female,IT,Associate,2017-10-11,0.75,No,2022-05-04,Terminated,7.2
2129,Female,IT,Analyst,2020-03-26,1.0,Yes,,Active,4.8
2130,Female,HR,Associate,2016-08-25,1.0,No,,Active,8.4
2131,Female,HR,Associate,2019-12-05,1.0,Yes,,Active,5.1
2132,Female,Sales,Executive,2016-11-21,1.0,No,,Active,8.1
2133,Female,IT,Executive,2016-05-08,1.0,No,,Active,8.7
2134,Male,Operations,Executive,2016-05-04,0.75,No,,Active,8.7
2135,Male,HR,Analyst,2022-07-31,1.0,No,,Active,2.4
2136,Male,HR,Analyst,2023-08-11,1.0,No,,Active,1.4
2137,Male,Finance,Associate,2021-12-31,1.0,No,,Active,3.0
2138,Female,Operations,Executive,2016-01-25,1.0,No,,Active,8.9
2139,Female,Operations,Analyst,2015-10-22,1.0,No,,Active,9.2
2140,Male,HR,Manager,2018-10-24,1.0,No,,Active,6.2
2141,Female,Sales,Associate,2022-10-14,1.0,No,,Active,2.2
2142,Male,Finance,Engineer,2022-12-22,1.0,No,,Active,2.0
2143,Female,Operations,Associate,2019-09-14,1.0,Yes,,Active,5.3
2144,Male,HR,Engineer,2022-02-09,1.0,No,2026-02-22,Terminated,2.9
2145,Female,Operations,Executive,2016-10-10,0.5,No,2019-04-23,Terminated,8.2
2146,Female,Finance,Engineer,2020-02-17,1.0,No,,Active,4.9
2147,Male,Finance,Executive,2016-07-21,0.75,No,,Active,8.5
2148,Female,IT,Manager,2023-12-03,1.0,No,,Active,1.1
2149,Male,HR,Engineer,2022-12-10,1.0,No,,Active,2.1
2150,Male,Finance,Associate,2022-09-18,1.0,Yes,,Active,2.3
2151,Male,IT,Executive,2016-03-20,1.0,No,,Active,8.8
2152,Male,IT,Associate,2024-12-20,0.5,No,2026-12-27,Terminated,0.0
2153,Female,Operations,Analyst,2015-12-29,0.75,No,,Active,9.0
2154,Female,Operations,Executive,2020-12-10,1.0,No,,Active,4.1
2155,Female,IT,Engineer,2018-04-26,1.0,No,,Active,6.7
2156,Male,Operations,Executive,2017-01-11,1.0,No,,Active,8.0
2157,Female,Finance,Associate,2020-08-03,0.5,No,,Active,4.4
2158,Male,Sales,Manager,2016-11-10,0.75,Yes,,Active,8.1
2159,Female,Finance,Executive,2021-10-03,0.75,No,,Active,3.2
2160,Female,IT,Engineer,2024-02-06,0.75,No,,Active,0.9
2161,Female,IT,Analyst,2019-07-01,1.0,No,2025-10-08,Terminated,5.5
2162,Male,Finance,Manager,2019-04-22,1.0,No,,Active,5.7
2163,Female,Operations,Analyst,2018-09-20,1.0,No,,Active,6.3
2164,Female,Operations,Executive,2020-11-09,1.0,No,,Active,4.1
2165,Male,IT,Associate,2024-11-10,0.75,No,,Active,0.1
2166,Female,HR,Associate,2015-03-04,1.0,Yes,,Active,9.8
2167,Male,Operations,Engineer,2022-01-03,0.75,No,2025-01-28,Terminated,3.0
2168,Female,Finance,Associate,2018-03-08,0.75,No,,Active,6.8
2169,Male,Operations,Manager,2023-12-01,1.0,No,2030-09-11,Terminated,1.1
2170,Male,Finance,Associate,2018-05-13,0.5,No,,Active,6.6
2171,Female,IT,Engineer,2022-09-20,0.75,No,,Active,2.3
2172,Male,Operations,Executive,2023-12-30,1.0,No,2027-12-18,Terminated,1.0
2173,Male,Finance,Executive,2015-09-13,1.0,No,,Active,9.3
2174,Male,IT,Associate,2015-05-15,1.0,Yes,,Active,9.6
2175,Male,HR,Analyst,2024-12-23,0.5,No,,Active,0.0
2176,Male,Finance,Executive,2017-05-24,0.75,No,,Active,7.6
2177,Male,HR,Associate,2017-04-01,1.0,No,,Active,7.8
2178,Female,HR,Engineer,2020-11-05,0.75,No,2023-11-29,Terminated,4.2
2179,Male,Sales,Associate,2023-04-24,1.0,No,,Active,1.7
2180,Male,Operations,Executive,2023-12-23,0.5,No,,Active,1.0
2181,Female,Finance,Engineer,2023-10-06,1.0,No,2028-08-30,Terminated,1.2
2182,Female,HR,Associate,2017-04-02,0.5,No,,Active,7.8
2183,Female,Sales,Manager,2023-06-02,1.0,No,,Active,1.6
2184,Female,IT,Engineer,2017-08-31,1.0,No,,Active,7.3
2185,Female,Finance,Manager,2023-03-01,1.0,No,,Active,1.8
2186,Female,HR,Analyst,2019-11-13,0.75,No,,Active,5.1
2187,Female,Operations,Engineer,2015-05-01,1.0,No,2021-11-09,Terminated,9.7
2188,Male,Sales,Manager,2024-06-18,1.0,No,,Active,0.5
2189,Male,HR,Executive,2019-06-26,1.0,No,,Active,5.5
2190,Female,Operations,Executive,2023-07-07,1.0,Yes,,Active,1.5
2191,Male,HR,Analyst,2018-09-26,0.5,No,,Active,6.3
2192,Male,Finance,Engineer,2017-10-04,0.75,No,,Active,7.2
2193,Male,Finance,Engineer,2017-07-13,1.0,No,,Active,7.5
2194,Female,Finance,Engineer,2016-10-06,0.75,Yes,,Active,8.2
2195,Female,Sales,Analyst,2020-07-25,1.0,Yes,,Active,4.4
2196,Male,Finance,Engineer,2022-07-24,1.0,No,,Active,2.4
2197,Female,Operations,Executive,2022-12-17,1.0,No,,Active,2.0
2198,Male,HR,Manager,2020-08-30,1.0,No,,Active,4.3
2199,Male,IT,Executive,2015-08-30,1.0,No,,Active,9.3
2200,Male,Operations,Executive,2021-11-07,0.75,No,,Active,3.2
